,addr,scp,car_sum
1,[ 0 43],3.7326420847237936,3.0
5,[44 35],10.33692051479268,6.0
7,[83  6],4.201574750415278,2.0
8,[42 66],12.917231038753318,8.0
10,[11 52],5.557431794998818,5.0
11,[ 0 91],5.175093567451562,3.0
13,[81 20],7.802748801364138,5.0
14,[60 49],8.57049136290102,6.0
15,[95 72],5.458126079489784,5.0
16,[73 15],7.392999191424445,4.0
18,[17 86],6.379807295785792,4.0
19,[93 17],5.61317555284742,4.0
20,[78  5],7.497347187019475,5.0
21,[35 50],6.1440141271833655,4.0
22,[ 0 68],4.3177680175724005,3.0
23,[99 45],3.0719230468601673,2.0
24,[88 78],4.293623792309994,2.0
25,[62 49],8.52695296815411,4.0
26,[58 46],6.560918478747897,4.0
27,[84  1],6.995851956944848,4.0
28,[75 41],3.865915695214323,2.0
29,[24  8],6.7801584467403,4.0
30,[22 52],10.159810823228968,6.0
31,[21 57],12.46419669929892,8.0
32,[10 46],16.480353138587198,10.0
33,[75 20],5.310957607217244,4.0
35,[61 46],6.597865469601956,5.0
36,[54 43],4.9105667025819795,4.0
37,[93 96],3.0826316574802046,2.0
39,[70  5],3.941508999772492,3.0
40,[31 50],9.901874387573786,8.0
42,[15 83],7.503119549151334,4.0
44,[74 39],3.9848908150355964,3.0
46,[69 24],5.232090337481128,4.0
48,[62 35],8.841152987334649,6.0
50,[75  6],11.976351409971937,7.0
52,[80 42],6.815472259481588,4.0
53,[ 0 84],3.5272119179032466,3.0
54,[64 71],3.55521449925263,2.0
55,[ 5 53],14.314942225735106,10.0
57,[94 87],6.2375998301907,4.0
60,[63 72],9.864892221852692,6.0
62,[99 67],8.129184152880143,4.0
63,[68 45],3.2676976833644984,2.0
64,[93 91],5.1448174747284785,4.0
65,[47 29],8.131251538852133,6.0
66,[ 1 57],7.226885396581505,5.0
68,[61 22],4.017539973756397,2.0
69,[78  9],3.585386905262035,2.0
70,[97 95],3.6790792237807195,3.0
73,[ 9 68],4.044938306966845,3.0
74,[94 88],11.886877930542274,8.0
75,[58 50],14.147915511783346,10.0
76,[50 73],12.074858628519785,8.0
77,[20 73],8.92881972847268,6.0
78,[77 96],5.348676108191059,3.0
79,[ 5 31],3.1032996238351456,2.0
82,[96 95],7.975280465181312,4.0
83,[70 11],8.658593029328852,4.0
84,[38 79],7.434570479911195,4.0
85,[ 4 50],4.937923259264336,4.0
86,[14 51],9.55839916056017,7.0
87,[48 87],4.071510182535503,4.0
88,[74 99],5.574941295534668,5.0
89,[10 88],6.633664186286996,4.0
90,[37 73],9.226675868391506,5.0
91,[54 44],6.622624587703346,4.0
93,[86 82],6.4862191794396,4.0
94,[ 7 41],4.982619781424507,3.0
95,[63 23],18.182444740000996,12.0
96,[70 26],5.201824144718306,3.0
99,[60 86],10.504324849588713,6.0
100,[96 17],6.432878432491628,5.0
101,[44 34],18.48676069188239,12.0
104,[57 96],9.151122566673893,7.0
109,[44 71],10.06214171818458,8.0
110,[34 98],6.137180587009043,4.0
112,[99 17],3.7095150533316086,3.0
113,[38 29],20.92617856515985,12.0
114,[82  3],8.79649175694946,7.0
115,[10 53],10.309652811430222,6.0
116,[93 18],3.7639681864998646,2.0
119,[70 93],7.229397730289815,4.0
121,[72 21],7.471555702958158,5.0
122,[42 42],3.286531604551091,2.0
123,[64 83],3.7414103441860336,2.0
125,[ 7 90],15.07527921862939,10.0
126,[31 56],3.5172724727392266,2.0
127,[73 87],4.992827305397597,4.0
128,[91 74],5.078025095902005,3.0
129,[93 11],13.700876452151226,9.0
130,[23 92],4.8313816180261036,3.0
131,[ 5 96],4.979822638707661,3.0
135,[24  5],7.044994149352366,4.0
138,[10 51],3.233480557681574,2.0
139,[77  4],6.352648082662871,4.0
140,[72 60],5.048457069826734,4.0
141,[ 2 81],6.993967196620333,4.0
142,[61 79],14.057981103725677,8.0
144,[68 70],3.3864061047400633,3.0
145,[58 85],7.995472483862996,6.0
146,[72 16],8.143593544725917,5.0
149,[47 73],3.642101712779457,2.0
150,[31 55],6.878639892362228,4.0
152,[98 59],5.173434795647494,4.0
155,[48 30],7.803270157948345,7.0
156,[65 30],3.4847816381348675,3.0
157,[ 1 14],7.75536556856527,5.0
158,[86 79],3.4226027491514457,2.0
159,[43 68],3.6869767701051064,4.0
160,[73  4],3.1680546716280675,2.0
163,[39 84],4.15156581057391,3.0
164,[49 45],3.8176317324488824,2.0
165,[24 12],8.045752117144154,5.0
166,[37 42],5.459738165441835,4.0
167,[74 16],3.186354837733515,3.0
169,[12 33],7.89616311463149,4.0
170,[40 30],7.742564141245364,4.0
172,[51 78],3.1454294200010917,2.0
173,[39 62],5.385776452589283,4.0
174,[69 68],5.545928937511225,4.0
175,[21  0],3.002642345929315,2.0
176,[45 32],3.152860621893531,2.0
177,[97 89],6.525084976446843,4.0
178,[ 7 52],6.0566503528150974,4.0
180,[ 1 90],11.133629200077566,7.0
181,[ 3 46],9.705857437592101,8.0
182,[ 7 66],3.702911591025505,2.0
183,[39 59],5.118364249345909,3.0
184,[94 32],4.375808036464422,3.0
186,[85 15],9.343856230822018,6.0
188,[39 32],9.43245532214531,6.0
190,[30 55],5.2568770635148425,4.0
192,[24 40],7.253301378376375,4.0
193,[82 24],17.525925543951395,10.0
194,[73 31],3.5076047275462354,2.0
197,[69 34],5.100325135505372,4.0
198,[61 47],3.949301307448993,2.0
200,[74  2],5.008042752111438,4.0
202,[ 3 51],7.961862359598181,6.0
203,[72  2],15.906798047878558,10.0
205,[93 72],7.971782534287598,4.0
206,[ 7 74],6.155620086386019,4.0
208,[21 77],4.6909128598662155,3.0
209,[46 35],7.417846795133391,6.0
210,[39 35],5.680446508832693,4.0
211,[85 29],7.572498785504102,5.0
213,[31 85],6.7628210494683625,5.0
214,[58 29],3.5576024783225995,2.0
216,[77 10],3.84967217589298,2.0
218,[72 18],4.38114751291643,3.0
219,[23 88],3.091601188002884,3.0
220,[33 49],12.156533890519409,8.0
221,[68 11],5.785509637286474,3.0
222,[ 9 38],6.155873703666485,4.0
223,[33 98],8.608356882529847,6.0
225,[67 56],11.79950905624914,9.0
226,[85 28],7.073967741926462,4.0
230,[ 0 65],5.680179805473723,3.0
231,[ 8 91],6.5909095491584875,4.0
232,[59 56],14.576454196816236,8.0
234,[26 48],4.37103394943207,4.0
235,[ 4 53],4.6190155511389985,4.0
238,[34 99],8.596705282201544,6.0
239,[23 48],14.702072538580811,7.0
240,[13 46],3.3940040990747153,2.0
241,[83 21],10.584017490549192,6.0
242,[64 47],9.067246617916428,6.0
243,[38 32],8.101043944024292,6.0
244,[81 95],8.671574962614773,5.0
247,[22 81],5.406996859706965,3.0
249,[76 89],11.891135359060996,7.0
250,[57 53],13.635306412791174,10.0
251,[71 16],12.174988724662915,7.0
253,[67 98],6.623518454954533,4.0
255,[53 72],5.852130656241146,4.0
256,[69 58],7.119659803133212,4.0
260,[99 18],6.718795452982522,5.0
262,[67 51],3.4162599273524776,2.0
264,[ 7 33],5.759067220869338,3.0
265,[67 58],10.884305907828553,7.0
267,[ 0 41],3.579313051404836,2.0
270,[21 74],3.6501979413772085,3.0
271,[23 47],6.672031425615512,4.0
272,[ 5 52],5.3779594019918235,4.0
273,[44 78],4.2717211495202125,3.0
275,[43 33],15.225854072616778,8.0
277,[33 51],10.097011543336919,6.0
278,[ 9 89],13.087653137153918,8.0
279,[47 74],4.828075213556783,4.0
280,[69  9],3.088250218136902,3.0
281,[79 91],3.0971175589055333,2.0
282,[68 73],6.680745059985369,5.0
283,[10 63],6.6791136341992985,4.0
284,[54 73],17.310441291268063,12.0
285,[89 36],4.050572115423913,2.0
286,[96 10],3.887088008351851,3.0
287,[67 34],5.839051878495484,4.0
288,[ 4 48],9.70797937290867,6.0
290,[43 63],13.45566318790177,8.0
291,[54 77],18.45410178425433,12.0
292,[39 71],3.594192279071666,2.0
293,[75 31],6.912057419782268,5.0
294,[73 25],3.965162620661191,3.0
296,[44 61],3.4448424089730354,4.0
297,[ 5 94],7.6858400731641225,4.0
298,[ 8 73],11.390303407756077,8.0
299,[70 24],4.5557663555105865,3.0
301,[ 8 88],3.2411804541194806,2.0
302,[79 27],7.0657978063706075,6.0
303,[85 10],13.411668267533884,9.0
304,[80 40],6.9171588316882655,4.0
306,[14 56],7.242788479326766,4.0
307,[23 43],3.1786278919417836,2.0
308,[50 72],5.142407098896785,4.0
310,[68 26],5.23106448091667,3.0
312,[96 90],13.766199655819086,8.0
314,[11 81],6.627099355411585,4.0
315,[ 0 38],7.519091340782668,5.0
317,[72  9],4.058139910654667,2.0
318,[48 92],7.773281381394791,4.0
320,[97 11],6.109274769927142,4.0
321,[22  6],4.338507410807465,3.0
325,[29 53],8.753866475243754,6.0
327,[57 35],7.26761616875398,5.0
331,[69 43],3.145621733732617,2.0
333,[82 13],5.821492119754826,3.0
335,[75 87],4.659042898337845,3.0
336,[41 76],10.271676356860274,6.0
338,[95 44],8.018427959340583,5.0
339,[ 1 21],5.651786164684191,4.0
340,[42 58],7.965240262687195,5.0
341,[16 33],4.626654556710457,4.0
342,[21 44],8.935617681567809,6.0
343,[77  2],3.0272013833196953,2.0
345,[23 80],5.06820965416607,3.0
346,[99 26],10.879544877458878,8.0
348,[77 16],4.5719482524249955,3.0
350,[69  5],8.79355485458268,5.0
351,[24  7],3.7160876895210846,3.0
353,[63 33],3.1040410920238317,2.0
354,[86 85],4.666159363180695,3.0
355,[69 48],3.772509915973031,3.0
357,[ 9 43],7.107736376163204,4.0
358,[82 95],11.410410678424142,7.0
360,[64 74],8.445736218804011,6.0
361,[68 93],5.796942426819496,4.0
362,[28 49],3.4847791311274374,2.0
363,[63 34],6.541123726049736,4.0
364,[75 60],9.041569645991167,6.0
366,[2 1],4.221779569656931,4.0
368,[12 55],4.464498620876677,4.0
369,[89 98],3.0252066470719994,2.0
370,[46 68],16.95586118062678,10.0
372,[72 27],5.131815446559899,3.0
373,[99 22],3.3713664168093187,3.0
374,[61 83],7.68487778207305,5.0
375,[69 18],3.965477531928947,3.0
376,[29 50],6.052831728549498,4.0
377,[92 89],11.147798386947667,8.0
378,[10 36],5.532295062581852,5.0
379,[ 1 63],4.913137265470056,3.0
380,[42 30],10.033173049453175,8.0
381,[54 78],5.656070883265379,4.0
382,[89 85],3.6868816884448066,4.0
383,[46 79],6.421259726348025,4.0
384,[79 20],4.1978051445439934,2.0
385,[37 71],7.348116589138495,4.0
386,[49 43],12.562184237748886,8.0
389,[50 43],6.59443806752772,4.0
390,[56 53],9.493805388051369,6.0
391,[ 9 42],4.198965587608705,3.0
392,[63 21],5.943461039431197,4.0
393,[56 59],6.870192555711608,5.0
395,[44 57],5.5011405506565945,4.0
396,[ 1 73],7.8454127194245356,5.0
397,[39 69],11.864614217113143,8.0
398,[32 48],8.626966138297066,6.0
400,[31 99],13.093762929503306,10.0
401,[99  9],8.176004541495864,6.0
402,[45 70],8.06418649212541,4.0
403,[49 83],6.890501886830688,4.0
405,[93  4],4.993322600257824,3.0
406,[ 2 35],25.10242968388675,14.0
408,[98 72],3.3195047907436255,2.0
411,[62 63],5.933060174601259,4.0
412,[59 29],3.989890377953951,3.0
413,[78 11],4.997318092571168,4.0
415,[46 33],3.2728081286413806,2.0
416,[43 29],5.829980598400283,4.0
417,[37 63],12.33955369411055,8.0
421,[18 84],11.73234137961297,8.0
422,[46 69],13.54391837750412,8.0
423,[24 25],6.274476636888184,3.0
426,[52 88],9.831070248431333,6.0
427,[97 21],5.660673685986531,4.0
428,[19 79],5.999581972219499,3.0
429,[23 19],3.2092471338893738,2.0
431,[71  9],8.252645046795397,5.0
432,[77 87],3.5639002692608956,2.0
433,[91 98],5.396390221685467,4.0
435,[17 55],5.137451982666057,3.0
437,[34 56],3.447314412001867,2.0
438,[40 31],9.932438281433162,6.0
439,[37 34],6.732387970505692,6.0
441,[96 39],5.606305356538411,4.0
443,[94 92],5.123694385080275,4.0
445,[16 73],3.0091038466500653,2.0
446,[24 41],3.109943164261828,2.0
447,[31 46],10.831649787351074,8.0
448,[92 96],10.874392483430999,7.0
449,[22 91],10.377682873885451,6.0
453,[ 7 49],18.331954366666118,12.0
455,[33 50],6.320810591376187,4.0
457,[22 55],7.5263636912454235,5.0
458,[75 10],3.6453548355657994,3.0
459,[21 43],17.08761575214205,10.0
462,[85  8],3.223649898843229,2.0
464,[69 64],6.395241998344957,6.0
466,[68 65],3.974073309437609,3.0
468,[38 57],5.845748399829226,3.0
469,[ 9 64],8.814838620573624,5.0
473,[82  7],5.845588253150907,4.0
474,[23 12],3.6125953911734,3.0
475,[99 12],8.556996416550474,6.0
478,[35 32],7.314247099339499,5.0
479,[67 49],9.346457680154332,6.0
480,[47 75],5.983210959224064,4.0
481,[63 37],9.449431204954319,6.0
482,[71 97],12.281653978802893,7.0
483,[73 88],3.3465989701126593,3.0
484,[71 98],5.007569666374446,3.0
485,[99 23],3.153254675795717,2.0
486,[ 6 33],7.171118460652653,4.0
488,[94  5],3.382324160543593,2.0
489,[ 2 37],4.74634822696474,4.0
490,[35 84],6.188848177395674,5.0
492,[77 99],4.555170948683946,3.0
493,[45 77],10.59894297807067,6.0
494,[98 70],5.225858189048345,3.0
496,[96 16],6.341684645773155,4.0
497,[10 50],8.764062923858738,6.0
498,[19 86],6.570664963585787,5.0
500,[ 5 56],5.604714071367218,4.0
501,[38 82],3.021525743486733,2.0
502,[85 19],5.303380376608047,5.0
503,[51 79],17.019363003125388,10.0
504,[ 8 63],3.7573153456294985,3.0
505,[99 13],8.170622466088314,5.0
508,[39 33],14.18024419947042,10.0
509,[96 41],3.280464449388772,2.0
512,[ 1 79],9.162388512395735,6.0
513,[43 62],9.310983842862244,6.0
514,[60  0],5.85802424459475,4.0
515,[85 90],4.009134794590716,3.0
517,[0 6],7.682529002346859,4.0
518,[52 89],3.3824168128002103,2.0
519,[99 66],4.188486989193467,3.0
522,[70 64],4.597298840249774,4.0
524,[98 65],3.7504051438291306,2.0
525,[96 32],11.284805239826929,8.0
527,[ 7 71],6.850476963989241,5.0
528,[84 90],9.099561686942371,7.0
529,[ 1 85],3.3322151937967,2.0
530,[93 42],5.575915507270352,4.0
531,[25 99],7.176774975458829,4.0
532,[84  7],12.216829329029451,7.0
533,[39 66],6.27419695528052,4.0
534,[76 17],6.301121573358319,4.0
535,[14 32],5.845594683044222,4.0
536,[77 91],3.800450155515568,2.0
539,[ 6 87],4.640329538151062,3.0
540,[95 74],6.152255254366791,3.0
541,[90 86],5.4462036903646265,4.0
542,[90 76],4.867370093877753,2.0
543,[79 29],7.540711393350561,4.0
544,[95 87],3.1422149516729414,2.0
545,[83 23],6.687217623541213,4.0
547,[73 23],3.048643919623543,2.0
551,[46 34],3.354236106430695,2.0
553,[38 38],5.959985879043162,4.0
554,[63 73],4.227410281526707,2.0
557,[38 75],5.395442397722467,3.0
558,[11 49],4.761742544704952,3.0
560,[60  1],3.430342564974475,2.0
562,[18 49],16.687938010257565,10.0
563,[69 53],7.153246074099908,5.0
564,[10 43],3.2152691815202425,2.0
567,[28 82],5.507581698216398,3.0
569,[ 4 49],3.527092609644525,2.0
570,[93 87],8.077516511509376,6.0
571,[95 43],4.912084898693264,2.0
572,[61 32],6.699756588416671,4.0
573,[66 95],9.554829813173713,6.0
574,[35 85],6.004390999291166,4.0
575,[93 26],3.362641674286909,2.0
576,[44 67],6.682336523775409,4.0
578,[93 21],5.453197239401523,4.0
579,[15 47],4.307424109067445,2.0
580,[15 49],4.891238878453417,3.0
582,[27 51],3.4823439621957757,2.0
583,[73 40],3.7500248786206005,3.0
584,[0 8],12.367659574054837,8.0
585,[94 41],3.383590019735335,2.0
587,[ 8 41],6.397274374673017,4.0
588,[29 86],3.721463479609217,3.0
590,[13 32],6.923908733451313,4.0
591,[88 76],4.8186842510573245,4.0
598,[44 31],15.043960949065884,10.0
599,[26 32],4.66979831882715,3.0
600,[61 77],11.305434192368697,8.0
603,[78 60],13.753609061861995,8.0
604,[77 98],7.134773260037395,4.0
605,[95 14],7.586223866140312,5.0
606,[55 90],5.9503854780058285,4.0
607,[1 7],4.908917911167631,3.0
608,[82 97],6.529691432891372,4.0
609,[94  3],4.572430328747245,3.0
610,[35 47],15.84989622552617,10.0
612,[24 52],4.393203812955814,3.0
613,[96 77],12.055136615205239,7.0
614,[ 0 36],8.892560046522075,7.0
615,[18 54],4.962206429305815,3.0
616,[27 98],12.611183392202296,8.0
617,[74  1],6.277694398587283,4.0
618,[64 52],4.286239232374991,4.0
619,[96 45],4.013050913199244,3.0
620,[49 89],3.2413534674890885,3.0
621,[77  1],3.8423532516739116,2.0
624,[27 86],4.941132836465373,2.0
625,[20 55],4.31275694508048,3.0
626,[70 48],4.136610357430326,2.0
627,[55 79],9.406111455067633,6.0
628,[10 35],3.1102541079988537,2.0
629,[92 42],6.027667152702225,4.0
630,[79 21],7.499335941254172,4.0
631,[19 47],6.301031162973651,3.0
633,[42 33],8.842388734810877,6.0
634,[86 36],8.09078334079608,5.0
635,[ 5 91],6.413647476839975,4.0
636,[97 94],5.139669583089299,3.0
637,[ 0 78],3.2824467308571177,3.0
638,[92 60],11.292219674524446,7.0
640,[43 35],7.971227517216042,6.0
642,[ 9 52],6.317844987633638,4.0
644,[68 42],6.147409962936039,4.0
645,[ 4 88],5.161825075720585,3.0
646,[56 98],3.9302980599579844,3.0
647,[62 53],3.553086018665538,2.0
648,[41 41],4.830738452465194,3.0
649,[ 1 59],9.176291541605433,6.0
650,[49 92],3.5557479004862036,2.0
652,[ 9 54],4.044428828230924,2.0
653,[ 8 39],6.040154141583268,4.0
654,[63 70],6.76700325722319,4.0
657,[59 86],7.751428807710105,6.0
658,[27 46],16.760683867374354,10.0
659,[54 72],3.3462388743218776,2.0
661,[94 45],4.890062569715118,3.0
663,[40 36],12.60778678542181,8.0
664,[84 13],3.2209212576497217,2.0
665,[ 2 97],5.807937577076953,4.0
666,[65 96],9.53382808110821,6.0
668,[22 22],4.641859744888351,3.0
669,[92 12],6.281860599619717,4.0
670,[94 74],4.807998688473145,3.0
671,[ 3 47],10.94765911038806,8.0
673,[69 71],6.8157681599216975,5.0
675,[81 23],3.865284645777289,3.0
676,[93 19],3.153591631033109,2.0
681,[70 27],8.613115139544593,6.0
682,[78 99],6.633846862741295,4.0
683,[72 95],3.551801761669436,2.0
684,[59 46],7.793487209509699,4.0
686,[95 41],3.0276712902624734,2.0
687,[38 63],8.117865746657598,6.0
688,[ 6 96],5.218423889792981,4.0
690,[ 5 51],18.62255021938857,12.0
692,[16 79],3.751774189786391,3.0
693,[81 15],3.4404631264385594,2.0
694,[15 85],4.871531785878273,3.0
695,[53 30],3.6860951391853094,2.0
696,[46 84],4.066869051730893,3.0
698,[ 6 89],3.2251602086025732,2.0
701,[94  0],5.749785326644371,3.0
703,[71 31],5.143628487824546,4.0
705,[62 28],6.637938242774148,4.0
706,[39 36],11.065797650436647,8.0
707,[85  3],5.372520122117687,4.0
709,[68 63],3.8572030063367726,3.0
710,[80 28],5.401105782026947,4.0
711,[41 73],6.79688673664153,5.0
712,[24 91],6.7046142425836575,4.0
713,[23 55],5.0352523867546966,4.0
714,[16 48],5.7540009562370695,4.0
715,[96 89],3.6392442839209025,4.0
716,[70 46],8.864797375475417,6.0
717,[70 17],7.109862624434195,5.0
718,[21 34],7.999914440681955,5.0
720,[62  5],5.6581919723754535,4.0
721,[71  5],5.2282646540226185,4.0
722,[79  1],8.297926968850863,6.0
726,[84 30],11.57194444532326,6.0
727,[ 1 17],14.997653364805986,9.0
729,[77 19],3.368407317310755,2.0
731,[21 83],4.858267583000062,4.0
732,[38 30],9.600012507066777,6.0
733,[69 10],6.856122647632765,5.0
734,[ 0 60],4.486463614052033,3.0
735,[61 72],5.603218688520035,3.0
736,[43 65],10.531512332194108,6.0
737,[85 60],10.986675606115687,6.0
738,[77  7],3.6279649912210044,3.0
739,[46 66],9.060188328320333,6.0
740,[46 65],8.602634182134228,6.0
741,[52 87],4.968364450859188,3.0
742,[93 25],13.522523394699764,8.0
744,[21 62],4.285169372737259,4.0
745,[84 17],6.299798187077009,4.0
746,[76 25],4.185544706655865,3.0
749,[24 15],6.0247127807237515,4.0
750,[87 57],7.341186619768245,5.0
753,[75  9],3.464914534723378,2.0
754,[99  4],3.2912513655257616,2.0
755,[44 82],4.513453806422849,3.0
759,[37 77],14.327451658137655,9.0
760,[18 79],3.8199550694071003,3.0
762,[81 24],5.46647825742277,4.0
763,[62 17],19.652971365787653,12.0
764,[ 0 29],5.862709422838643,3.0
765,[ 2 55],6.660818828301404,4.0
766,[ 2 49],6.364374749089534,4.0
769,[70 13],3.330754596681595,3.0
770,[ 9 79],8.154243643289718,6.0
771,[90 73],3.74288047496006,2.0
772,[36 50],9.640889804476046,8.0
773,[12 54],6.46167295723599,4.0
774,[18 50],5.496922792300008,5.0
778,[10 75],20.463591253096595,12.0
779,[35 98],7.0314803381129405,4.0
781,[31 32],4.09204169394547,3.0
782,[17 49],5.285622882638759,3.0
785,[58 99],3.2901713977163283,2.0
787,[3 2],5.900722058008107,4.0
789,[38 85],3.00676498797359,2.0
790,[39 82],6.370466169734422,4.0
791,[64 59],7.766470397200296,6.0
792,[43 74],5.930525023790004,4.0
793,[64 50],3.215525697048066,2.0
794,[43 39],8.264418170179098,5.0
795,[92 97],6.259636747539446,4.0
796,[17 51],4.20968597552816,2.0
797,[96 14],13.734944618002684,9.0
798,[61 13],10.888311226673709,8.0
799,[16 86],6.8362882247110495,5.0
800,[22 43],8.914407593228983,6.0
801,[85  0],5.801907235784434,4.0
803,[71 15],3.073128814466158,2.0
804,[24 48],12.911511950259111,7.0
805,[63 27],5.932625795267483,4.0
806,[57 95],12.993022519032948,9.0
807,[66 29],8.013609479259749,6.0
808,[76 19],7.7950762426194675,5.0
809,[63 57],4.40427524622374,3.0
810,[84 40],9.461337254507844,7.0
812,[58 49],6.601886789395396,4.0
814,[32 49],3.172420061655239,2.0
817,[39 65],19.650813077922635,12.0
818,[77 97],6.146539489136615,4.0
821,[81 30],9.079564315076285,6.0
822,[80 23],4.4696563911620135,3.0
823,[60 53],9.423762326896576,6.0
824,[ 0 74],3.7366096671016376,2.0
827,[ 4 47],13.991049656112125,10.0
828,[57 49],14.52542552973225,8.0
829,[99 44],5.251990868397621,4.0
830,[89 76],4.6353817740643555,3.0
831,[ 9 32],3.898798295983071,2.0
833,[68 35],5.191611746727455,3.0
835,[73 18],9.97927708865506,7.0
836,[37 30],10.950554052491118,8.0
837,[91 75],9.976391102007602,5.0
838,[32 32],3.793171235391644,3.0
841,[ 0 64],3.873058625337212,2.0
843,[88 82],11.560454798090108,8.0
845,[23 44],4.25785646595891,3.0
846,[63  3],3.7476465961288437,2.0
847,[87 59],3.2238472676972765,2.0
848,[43 77],10.165252142675746,6.0
849,[43 79],4.537750667829992,3.0
850,[49 90],8.816027076018385,6.0
851,[33 86],4.114408139853629,4.0
853,[50 60],5.338411535195533,4.0
855,[ 4 60],6.37953816159034,3.0
856,[81 14],5.795177958488117,4.0
857,[97 28],7.443779895974313,4.0
858,[36 82],3.639407359708429,2.0
860,[77 26],9.342127314155505,7.0
861,[53 73],5.734629464426224,4.0
862,[94 43],6.214415719232952,4.0
863,[1 1],5.3693412101855795,3.0
864,[38 77],7.069342658180041,5.0
866,[45 76],7.075704436557389,4.0
867,[27 33],5.320120151344366,3.0
868,[46 82],4.3839762122117865,3.0
869,[ 2 51],3.4329108282961496,3.0
870,[65 36],6.583891099385612,4.0
872,[ 9 56],8.285435416061151,6.0
873,[38 72],3.6907464012963347,3.0
874,[51 83],4.554204483693347,3.0
876,[57 97],4.862586440897015,3.0
877,[43 41],5.209695551656056,4.0
879,[ 7 50],5.229962755600429,4.0
881,[73  5],9.252458427158663,6.0
883,[46 37],10.29034361446114,6.0
884,[52 91],5.435710915079305,3.0
887,[22 99],8.251609479109426,4.0
889,[54 91],5.243634027241371,3.0
890,[44 39],5.990918690289651,4.0
891,[ 9 41],7.375763856280363,4.0
894,[55 30],4.031697961725985,3.0
895,[71 89],3.8235098739664766,3.0
896,[62  3],9.01917688501572,6.0
897,[42 63],11.715124558658959,8.0
898,[60 56],3.779149285595806,2.0
899,[70 58],4.586851353293016,3.0
900,[70 28],4.1310962391504935,3.0
901,[74 40],5.076747579176839,4.0
902,[22  8],5.5943143055129525,3.0
904,[78 25],4.577268984062556,3.0
905,[74 17],4.810162329686272,3.0
906,[98 71],23.362551044304073,15.0
908,[63 59],5.629583067543692,4.0
909,[70 79],6.692029303790409,4.0
910,[ 7 46],11.964050472098432,8.0
911,[94 14],4.287316617308974,3.0
914,[44 59],3.0539897542396313,2.0
915,[ 5 92],5.707256225847294,4.0
916,[86 75],6.462367479031087,4.0
917,[60 35],4.325361073156705,3.0
918,[ 6 29],7.5409600948443,5.0
919,[ 7 87],8.773888511619973,6.0
921,[18 56],4.311941564875524,2.0
922,[10 32],4.055704878725818,2.0
924,[93  7],5.803447804069254,3.0
925,[41 57],4.577335435163783,3.0
929,[11 86],5.2462938936032755,4.0
931,[68  8],6.441016067543638,5.0
933,[28 93],3.529487580057295,2.0
934,[15 53],4.089390065078361,2.0
935,[11 84],5.76559632580236,4.0
936,[39 68],10.668351681978974,6.0
937,[14 78],8.38251054867391,5.0
938,[38 39],10.158339746072848,7.0
939,[61 93],6.94003733985612,4.0
941,[64 18],6.09373509773613,4.0
942,[36 49],10.704993083285611,8.0
943,[ 0 92],4.030333082533122,3.0
944,[40 78],10.612306932067078,7.0
946,[13 81],3.628214325972339,2.0
947,[ 8 69],4.582158997369571,3.0
949,[16 74],7.60507385292459,4.0
950,[21 95],7.0388139471972115,6.0
952,[ 9 45],17.362650143197765,10.0
954,[ 7 37],4.942530022178433,3.0
955,[51 31],10.35911078308589,7.0
956,[35 46],4.0654960870201435,2.0
958,[99  8],5.459889728767449,3.0
960,[ 3 82],3.5240813689872224,2.0
961,[46 62],3.3113447780966574,2.0
964,[94 27],3.158312973999041,3.0
966,[96  6],3.2864107889314615,2.0
967,[77 90],4.197607907482311,3.0
968,[63 75],7.746959210599066,5.0
969,[74 20],4.17107283704104,2.0
970,[ 2 94],8.93980282593889,6.0
971,[47 45],7.237460404380686,4.0
973,[92 75],3.856244446265122,2.0
974,[77 21],4.606738139901473,3.0
975,[ 7 32],7.72795967256525,5.0
976,[54 83],3.1323646257121087,2.0
978,[42 29],3.3823633867097667,2.0
979,[41 84],3.3198713314419006,2.0
980,[52 78],4.941457402213724,4.0
981,[61 37],9.95237573988444,6.0
983,[ 1 86],8.157846869674147,5.0
984,[94 39],8.47841717873705,6.0
986,[23 82],4.655304765275879,3.0
987,[16 53],9.446275015304105,5.0
988,[73 10],8.343260980892186,6.0
989,[68 16],3.4097247038163196,2.0
991,[97  0],7.558051246113867,5.0
993,[77 12],3.8003284541523836,3.0
994,[ 3 32],6.2844168323138385,4.0
995,[ 1 93],3.7951719512966373,2.0
997,[68 40],5.9832193059840035,3.0
998,[76 14],7.215606256277453,5.0
999,[69 45],7.909530447983472,5.0
1002,[ 7 34],3.3807957407059375,2.0
1007,[0 7],8.831349468363484,5.0
1008,[12 73],6.551214991633132,4.0
1009,[17 46],5.236104819175422,3.0
1012,[78 26],3.202289116349909,2.0
1015,[77 18],4.110614973712412,3.0
1016,[61 24],9.067717353644781,6.0
1018,[61 76],4.0828597712197485,2.0
1019,[ 6 57],4.688883836364658,3.0
1020,[94 42],10.74988176638946,8.0
1022,[24  3],5.566869540834228,4.0
1024,[99 61],9.813896358971778,5.0
1027,[94 33],6.956555034904023,4.0
1028,[41 32],22.30599274959061,14.0
1030,[ 2 52],5.680476140309908,4.0
1031,[41 30],8.24051012646208,6.0
1035,[82 28],3.4451912354748755,2.0
1036,[75 95],6.885468915265908,5.0
1037,[67 35],7.144373801567362,4.0
1038,[41 62],5.4694938160494555,4.0
1039,[ 8 52],4.5618526624120594,4.0
1040,[50 75],7.0788050157328355,4.0
1042,[ 1 75],5.013758879357983,4.0
1043,[14 85],6.32788581227319,4.0
1044,[75 96],10.874301245342377,8.0
1046,[62 24],13.296605299247899,8.0
1047,[31 52],6.252867132931239,4.0
1048,[95 90],7.534523065430214,4.0
1051,[17 80],3.6058900781504923,2.0
1052,[21 97],4.0845830866635175,3.0
1053,[75 12],5.4326432352307235,3.0
1054,[ 8 72],3.4705140024020125,2.0
1055,[10 34],4.929391327782611,4.0
1056,[46 58],3.89964423447911,3.0
1057,[21 66],5.701197827452255,3.0
1059,[69  6],4.593627886611954,2.0
1060,[ 1 96],7.982512031258295,5.0
1061,[64 69],4.7044897708974505,4.0
1062,[60 47],6.346054375352677,4.0
1063,[41 77],11.575408581666288,5.0
1064,[ 0 32],6.2027496071934465,4.0
1065,[37 66],6.744862528036434,4.0
1066,[ 0 33],6.194137976867847,4.0
1067,[31 51],7.842710549384715,4.0
1069,[83 10],4.267407473898308,3.0
1070,[ 3 59],5.561348261472812,3.0
1071,[99 96],5.588076727641263,4.0
1072,[62 19],19.054281341720227,12.0
1073,[80 91],5.386350692372754,4.0
1074,[49 72],18.581814084364986,12.0
1075,[10 73],8.667370386621355,6.0
1078,[11 48],6.7861888364995036,4.0
1079,[21 72],3.713663443036544,2.0
1080,[ 3 83],3.2542944004641994,2.0
1081,[28 86],3.7974407510116506,2.0
1082,[ 6 83],4.342443629234342,4.0
1083,[ 9 87],4.0764381629160304,2.0
1084,[39 72],5.240186477057808,3.0
1085,[95 77],3.950398365598451,3.0
1088,[62 51],7.730892946086252,4.0
1089,[39 58],8.267125732015812,6.0
1090,[ 0 94],3.053894812228403,2.0
1091,[93 40],10.405329267198951,6.0
1092,[60  2],3.16158727420952,2.0
1093,[94  2],3.1851453948115216,2.0
1094,[80 16],3.03203761330671,3.0
1095,[4 1],6.778378391334136,5.0
1096,[36 52],9.651625806952284,6.0
1098,[10 87],6.689965469511954,4.0
1101,[ 9 66],7.923027333808188,5.0
1103,[70  2],6.872178549027032,5.0
1104,[56 49],9.369664212319972,6.0
1106,[87 86],4.864581487734058,3.0
1107,[78 10],3.8135568140068568,3.0
1108,[99 73],3.3411567755032365,2.0
1110,[61 73],5.335188222800626,3.0
1111,[ 2 56],5.416196550694552,4.0
1112,[70 66],4.956483670462726,3.0
1113,[ 7 92],13.264368330471873,10.0
1114,[34 53],15.028506113192442,10.0
1116,[87 72],8.770105825512744,6.0
1118,[ 9 72],9.16309253104447,6.0
1119,[60 85],6.135948077893323,4.0
1122,[57 36],5.87848715933786,4.0
1123,[61 25],7.898277525498456,4.0
1124,[18 47],12.86744274726731,7.0
1125,[34 48],6.5111621447101475,4.0
1127,[23 11],5.930753104722581,4.0
1128,[23 45],4.654781547758694,3.0
1130,[80  2],3.330060431279624,2.0
1131,[95 95],4.501177714679105,3.0
1132,[36 53],7.240287548391891,6.0
1133,[69 19],6.920381494303061,5.0
1134,[68 25],4.35388685263957,3.0
1135,[58 31],4.727453785277748,4.0
1136,[70 16],10.470451603310957,6.0
1137,[15 76],8.338062080911598,6.0
1138,[22 27],8.21626914408708,6.0
1141,[19 48],7.3323105146412475,5.0
1142,[78 17],5.927945766681975,3.0
1144,[13 78],9.35619668322634,6.0
1145,[78 13],5.062892772833353,3.0
1146,[82 30],4.899385778370588,3.0
1147,[16 76],8.044698435337178,4.0
1148,[24 50],6.996374459393786,3.0
1149,[60 59],12.545347107954495,9.0
1150,[81 91],4.869167754815333,3.0
1151,[42 41],4.1719167806442865,3.0
1152,[37 68],9.495529574349401,6.0
1154,[61 15],7.693386610299264,6.0
1156,[68 43],6.621328147498536,4.0
1159,[ 8 45],3.016590984335643,2.0
1160,[89 82],4.13225912308929,2.0
1161,[63 36],3.4719115025827105,2.0
1162,[56 96],4.709306968327128,3.0
1163,[41 72],3.1447827873581615,4.0
1164,[ 6 48],9.183443952021818,6.0
1165,[70 40],7.3888592270853595,5.0
1166,[80  7],7.814581681825699,4.0
1167,[92 32],5.6749926587303765,4.0
1168,[54 45],23.742473321594716,14.0
1169,[53 60],19.602752975825123,14.0
1170,[34 55],5.907285072224223,4.0
1171,[74  0],3.3618512512135883,2.0
1173,[24 55],4.224166415237717,3.0
1174,[63 20],4.77305054369677,4.0
1176,[ 3 95],4.312035315064332,3.0
1177,[46 32],6.7672199498303005,6.0
1178,[73  9],6.804209012870749,5.0
1179,[48 83],4.895390486453925,4.0
1180,[45 75],3.526535495166233,3.0
1181,[28 52],5.7110098050353795,4.0
1182,[50 31],9.393620572619817,7.0
1184,[27 82],5.088639581967417,3.0
1186,[10 99],6.248662075463448,4.0
1188,[73 26],4.919412894905843,3.0
1190,[90 36],8.412264952965598,6.0
1191,[65 29],3.0861752384936976,2.0
1193,[11 56],9.22940307779338,5.0
1194,[72 12],4.586114101911578,3.0
1195,[21 58],3.711470301777167,2.0
1196,[ 5 55],10.596110062921674,8.0
1197,[53 88],6.2261358734156005,4.0
1198,[29 82],6.549906450100993,4.0
1200,[94 93],4.937801144754669,3.0
1201,[32 55],13.95877201824412,8.0
1202,[54 93],8.539118075272844,6.0
1203,[57 55],13.709261955789902,10.0
1205,[70 15],3.629892941274603,3.0
1206,[ 0 49],4.058030731853373,3.0
1211,[79 18],3.738835405548069,2.0
1213,[25 47],4.907526180956666,4.0
1215,[28 46],5.319487035504654,2.0
1216,[95 94],8.469406263216545,7.0
1220,[87 76],14.958604269960606,9.0
1221,[95 25],7.503735704591016,5.0
1222,[85 88],3.5075191378059833,4.0
1225,[0 0],7.673909545244912,4.0
1227,[24 46],4.308981075140407,3.0
1228,[59 55],7.055446425966554,4.0
1229,[92 26],4.2888008708450425,3.0
1230,[64 78],3.0944823277089686,3.0
1231,[79 28],7.647133983749237,5.0
1233,[99 28],5.456445873797824,3.0
1235,[80 13],4.138668139959209,3.0
1236,[24 56],7.734855026273972,4.0
1237,[ 8 49],11.620283581377382,8.0
1238,[71 42],3.9190614443361826,3.0
1240,[62 72],3.721170975185121,3.0
1242,[ 7 65],5.518311383203306,4.0
1243,[4 0],7.306303318321016,5.0
1245,[23 24],4.560845974635167,3.0
1246,[92 14],5.578395114858214,3.0
1248,[92 77],4.772232385811566,3.0
1249,[53 93],17.710037028927395,12.0
1251,[62 23],12.55884712021556,8.0
1254,[42 37],3.5430246916881165,2.0
1255,[ 2 83],16.774701243949362,12.0
1256,[16 56],4.149869298586999,3.0
1257,[32 47],11.72748335591315,8.0
1258,[80 19],4.25532260149128,3.0
1259,[56  1],3.7586152855537796,3.0
1260,[ 3 87],6.63413224347303,4.0
1261,[44 86],9.238546204190246,7.0
1262,[78 29],4.5416616507292265,3.0
1263,[ 7 88],6.47244182481073,6.0
1264,[93 60],3.17328410068854,2.0
1265,[64 11],12.03299538712135,8.0
1267,[35 52],7.186050375141103,6.0
1268,[64 16],15.34477180512656,10.0
1269,[82 89],6.37579593297883,4.0
1270,[69  0],4.663807712956164,3.0
1271,[ 4 46],13.16257280614292,10.0
1272,[37 35],9.612553013167535,6.0
1273,[39 41],6.502421135908832,4.0
1275,[35 86],4.09205538525319,3.0
1276,[64 25],22.66952345554841,14.0
1278,[ 1 74],9.642997609365754,6.0
1281,[73 14],4.151677685836438,3.0
1282,[36 85],4.190103905192721,3.0
1283,[ 1 41],8.987056481471004,5.0
1285,[ 9 47],6.053417057609636,6.0
1287,[75  3],4.912897565606457,3.0
1288,[57 59],4.414451886334595,3.0
1289,[17 78],4.849310607912467,3.0
1291,[95 88],8.22087116937477,6.0
1292,[22 93],4.201913503151324,4.0
1293,[92 17],4.3429316342082505,2.0
1294,[80  0],9.928723868225491,6.0
1296,[87 77],3.7429682111751275,3.0
1297,[81  8],3.675917842843522,3.0
1298,[78 96],14.175113151602357,10.0
1299,[10 55],13.726456504522229,8.0
1300,[39 38],5.973061301609208,3.0
1308,[10 89],8.608417176842174,6.0
1310,[48 74],7.310990511132748,4.0
1311,[83 91],7.325746943769709,4.0
1312,[53 75],9.819834885263123,8.0
1313,[31 33],4.4103768387839075,2.0
1314,[ 4 32],9.148148832254321,6.0
1317,[46 36],12.476559294972198,8.0
1318,[56  0],3.4398485234778313,2.0
1320,[44 62],14.883746556582196,10.0
1321,[39 79],8.799653606036276,5.0
1322,[ 6 82],3.7823627183110067,4.0
1323,[29 47],12.069706496142617,8.0
1325,[38 36],10.059904246008024,6.0
1326,[82  0],8.41217687635634,6.0
1328,[70 18],4.357218007669534,3.0
1329,[62  4],6.513342486109507,4.0
1330,[ 9 74],10.688959615871875,6.0
1331,[86 72],5.409931240341651,3.0
1332,[69 21],3.5499065399642378,3.0
1333,[79  4],7.833771971931506,5.0
1334,[ 8 65],3.5975384056418056,2.0
1335,[62 65],7.0585828334770735,4.0
1336,[90 75],7.448768085403696,6.0
1337,[66 82],4.599741459577477,3.0
1338,[52 77],14.744881058058551,10.0
1339,[45 35],13.38766605340152,8.0
1340,[29 99],8.789129756476239,6.0
1341,[94 12],9.317943051976112,6.0
1342,[41 70],5.0195468345972065,4.0
1343,[68 44],4.194687332714393,3.0
1344,[28 51],7.5791805098061875,6.0
1345,[31 47],11.353655677051144,6.0
1347,[37 74],5.800789802835878,4.0
1348,[38 62],10.115800392740663,8.0
1349,[61 64],5.93420195744074,4.0
1350,[45 73],6.715835662036257,4.0
1351,[43 76],8.921323872363864,7.0
1354,[ 6 56],5.662376256904908,4.0
1355,[32 98],13.483250252571995,8.0
1356,[ 4 82],3.0856236191663973,2.0
1357,[46 57],4.371783219834935,3.0
1358,[27 56],14.358253756966617,8.0
1359,[79 11],5.399492121753576,4.0
1360,[81  4],6.99399512115234,4.0
1362,[61 12],15.77236395121886,12.0
1363,[62 27],4.568083192537722,4.0
1364,[29 56],5.98880757248641,4.0
1365,[38 84],5.788122971994024,4.0
1366,[ 9 61],6.684261183489967,4.0
1367,[ 0 26],5.580351720709297,4.0
1368,[78 91],4.206554138968351,3.0
1369,[88 34],3.4778385292773013,2.0
1371,[39 67],3.0122697050493894,2.0
1372,[61 69],5.391275630620344,3.0
1373,[19 77],4.563842424357569,2.0
1375,[20 72],3.0896805805998464,2.0
1376,[71 96],5.618769715222487,3.0
1377,[23  4],4.01088062199827,2.0
1378,[38 64],8.802992343257165,6.0
1380,[23 40],3.4449138067775955,2.0
1383,[49 75],4.873039188835457,4.0
1384,[57 52],3.9849696599500035,2.0
1387,[31 53],12.026852688135605,8.0
1388,[1 6],10.633401382792723,7.0
1390,[53 76],9.499413718040142,6.0
1391,[74 41],5.2245782513397,4.0
1393,[70 54],4.932767397416609,3.0
1396,[40 86],6.211539857359785,5.0
1397,[68 13],10.221379771854139,5.0
1401,[ 9 55],6.3549665798293535,4.0
1402,[76  9],7.538251223420934,5.0
1403,[37 61],7.112821199680676,4.0
1405,[85  7],4.8983905234839025,3.0
1406,[10 71],5.8149913183038136,3.0
1407,[90 78],3.2370325247404734,2.0
1408,[69 76],4.019373877659914,4.0
1409,[44 79],8.943063338073475,6.0
1410,[50 79],8.158524450290427,6.0
1411,[61 49],3.7342366278332015,3.0
1412,[46 67],4.657720461380572,4.0
1414,[31 86],3.3246896539165904,3.0
1415,[89 58],6.997152938685893,5.0
1416,[20 48],4.383667595080318,3.0
1421,[95 76],5.7310438802003905,5.0
1422,[75  4],12.741730482585044,10.0
1423,[18 73],3.490846963619388,2.0
1424,[61 53],8.133334179110102,5.0
1425,[46 72],3.62452800325275,3.0
1426,[85 91],4.910855347068339,3.0
1428,[67 57],8.211031659745741,5.0
1430,[36 99],8.840614557017771,6.0
1432,[97 38],11.440180018047775,8.0
1433,[42 64],10.599454993390843,8.0
1434,[ 9 48],8.653874128339568,6.0
1438,[77 31],9.00236670056141,7.0
1440,[98 93],5.234718771492888,3.0
1443,[86 59],16.423376867279835,11.0
1447,[33 33],3.517658286869588,3.0
1448,[90 85],5.609228785934173,3.0
1450,[85  2],10.152604821104488,6.0
1452,[48 44],10.322377895194242,6.0
1453,[93 73],4.228658967007929,3.0
1454,[80 21],14.751520970917147,9.0
1455,[50 78],9.484067680091691,6.0
1457,[14 52],6.523387715433531,3.0
1459,[28 85],3.2513248404664488,2.0
1461,[68 67],5.24338409659183,4.0
1462,[88 37],3.4298389162013945,3.0
1464,[78 41],3.857731713072272,3.0
1466,[ 3 31],4.284536007263919,4.0
1467,[36 48],22.523588303654495,14.0
1468,[79  7],3.6132524288470025,3.0
1469,[58 52],3.4777108160723165,2.0
1470,[21 75],3.0271304666010264,2.0
1471,[85 21],4.84309937706636,3.0
1474,[58 98],6.527492567796341,7.0
1475,[ 4 91],6.326881820705158,4.0
1476,[79  5],3.076707264050536,2.0
1477,[61 14],10.080372266772459,6.0
1479,[ 3 53],4.09114935563036,2.0
1480,[76 97],4.753182140245189,3.0
1481,[92 78],7.046124773814031,5.0
1482,[96 25],6.435156746443267,5.0
1484,[97 74],4.817744400931685,3.0
1485,[71 25],6.618687951563255,4.0
1486,[84 27],3.8502374619729753,2.0
1487,[49 87],4.123436317795659,2.0
1489,[42 39],6.4673342531671665,4.0
1493,[95  7],7.317179039362421,4.0
1494,[67 64],6.284579486829176,3.0
1497,[41 67],3.916634837322576,2.0
1498,[95 75],7.408857368447254,6.0
1501,[37 40],6.203127915558477,5.0
1502,[95  6],5.215239163674099,3.0
1506,[ 4 55],12.17582237947721,8.0
1507,[14 84],3.6415757931307415,3.0
1508,[61  9],6.263978701987058,4.0
1509,[49 78],5.864710576613675,4.0
1512,[77  5],4.510740969890648,2.0
1513,[44 42],4.377296804582353,3.0
1514,[64 48],8.914607372873174,6.0
1515,[61 20],14.678642648837876,10.0
1516,[79 14],5.896146429199616,4.0
1517,[22 48],4.3286170001004525,3.0
1518,[34 49],9.283143592845061,6.0
1519,[63 53],10.997149070277516,7.0
1521,[ 7 39],6.3564457801868475,3.0
1523,[22 33],7.963188328279408,5.0
1524,[ 1 71],3.8668730868811485,3.0
1525,[63 13],4.8403469728108846,4.0
1528,[96 97],3.175622323173728,2.0
1531,[60 57],8.058976113635836,5.0
1532,[94 38],6.454103952728152,4.0
1533,[60 46],5.87801744432546,4.0
1534,[61 51],5.2088155048434945,4.0
1535,[11 78],4.747193918438821,3.0
1537,[69 38],3.593410570361915,2.0
1540,[54 60],8.139482204001615,6.0
1541,[ 1 44],3.764934926874261,2.0
1542,[92 40],6.48186590753342,4.0
1543,[64 77],3.101937302902524,3.0
1544,[41 66],9.524185988686677,6.0
1545,[22 18],3.372149896112894,2.0
1546,[28 53],3.64949205176213,4.0
1547,[72 29],4.0586282841479715,3.0
1548,[78  1],6.46480475604879,4.0
1549,[95  4],6.535650823366689,4.0
1550,[14 48],8.774448502836938,5.0
1553,[ 0 20],3.4727162824755062,2.0
1554,[ 7 79],8.61086259636674,6.0
1555,[59 36],5.390338319345552,4.0
1556,[26 56],6.979044369171219,4.0
1557,[29 52],4.405459588496285,2.0
1558,[42 67],5.9071036775181955,4.0
1559,[80 31],4.347472387076989,4.0
1561,[92 88],7.072125068977451,4.0
1563,[67 31],9.113762537612676,6.0
1565,[45 63],5.650893930922135,4.0
1567,[81 40],7.7163537769314,4.0
1568,[41 42],11.133685489759534,7.0
1569,[79 13],9.564694789256773,8.0
1570,[ 6 32],7.304807398411766,4.0
1571,[39 61],17.36833657620851,10.0
1572,[23 21],6.689889475920112,6.0
1573,[46 61],8.892730664575895,6.0
1574,[ 6 46],4.775872294632055,4.0
1575,[62 55],6.075175022609849,5.0
1576,[24 87],9.610339010708902,6.0
1578,[ 2 95],8.963788665600887,6.0
1579,[ 1 27],6.639336178853006,4.0
1581,[28 48],8.009824765490785,6.0
1582,[72 26],3.3952395982767465,2.0
1583,[52 75],7.807672323058837,6.0
1584,[ 7 55],19.332857728957535,14.0
1585,[13 47],6.208762267922825,4.0
1586,[64 17],8.975596103102422,6.0
1587,[24 54],3.1613248385721753,2.0
1588,[37 76],3.863318499422414,3.0
1589,[62 36],15.108724859723798,10.0
1590,[51 88],5.974928935463928,4.0
1591,[38 70],19.210373931190418,12.0
1593,[45 38],3.4550091450447966,2.0
1596,[39 70],7.814445847746262,6.0
1601,[ 5 95],6.570952245766694,4.0
1603,[ 9 34],6.340925087369257,5.0
1604,[68 15],4.300631447353489,3.0
1605,[99 71],3.434233842869096,2.0
1606,[ 4 89],16.204253048233948,9.0
1607,[70  1],5.915398736456657,4.0
1608,[54 90],5.777782164774263,4.0
1609,[57 50],11.831286062668926,8.0
1610,[93 90],10.744003032251092,8.0
1611,[17 76],9.081625438069981,5.0
1614,[28 33],3.9048215191788955,3.0
1615,[74 30],9.454760952427868,5.0
1616,[91 60],11.412754662460323,7.0
1618,[80 60],11.284287279512304,8.0
1619,[31 54],9.077405891854145,6.0
1620,[23 39],5.7155779474132204,4.0
1622,[95 89],6.816054934894138,4.0
1623,[40 67],4.5605615720660415,2.0
1624,[17 72],6.2516318180507415,3.0
1625,[66 30],3.606460146558768,3.0
1627,[69 77],6.681166130992403,5.0
1629,[49 93],13.163068430512725,8.0
1630,[82 42],5.94099976376226,3.0
1631,[ 8 93],4.809954296043021,2.0
1633,[74 12],7.709241210142107,6.0
1634,[51 44],3.878651010036238,2.0
1636,[20 81],9.643381964420433,6.0
1637,[70 23],11.357767263401529,7.0
1638,[14 76],3.697224760087806,3.0
1639,[62 26],12.763132911475461,8.0
1640,[19 33],15.75700101261399,10.0
1641,[40 70],11.080274825733184,8.0
1642,[75  2],12.978163931584433,8.0
1643,[71 87],5.6354884304007875,4.0
1645,[15 72],10.83143791945731,8.0
1646,[98 67],7.307875873963375,4.0
1651,[64 19],16.987299935443684,10.0
1652,[77 22],4.652565355840903,3.0
1653,[99 25],6.096117603831266,3.0
1655,[69 62],5.207655005921934,3.0
1656,[43 36],16.069446994837396,10.0
1657,[83 27],4.648326304037664,3.0
1658,[30 98],3.1031217023256916,2.0
1659,[69 15],8.387311751809811,5.0
1660,[55 91],7.660235821501311,4.0
1661,[22  7],10.381154090717585,7.0
1663,[16 85],7.851538645608803,6.0
1666,[45 33],14.39553880458235,8.0
1668,[27 32],9.471786624619096,6.0
1670,[74 90],7.788085486959488,5.0
1672,[68 27],5.58089927642275,4.0
1674,[82 26],5.0170119626967695,4.0
1675,[35 99],12.565852709660449,8.0
1676,[16 78],4.487429989443365,3.0
1677,[ 0 39],10.004449396244878,6.0
1678,[10 77],5.25496780398949,4.0
1679,[76  4],7.678964491887289,4.0
1682,[79 40],7.299451830178482,5.0
1683,[ 9 93],12.616374278382189,8.0
1685,[36 56],6.830324825781047,4.0
1686,[34 85],5.246462528079761,4.0
1687,[59 99],3.791725551920633,2.0
1688,[ 5 82],7.109117479530344,4.0
1689,[84 92],4.390011392124177,3.0
1690,[43 58],6.839900024960158,4.0
1692,[97 16],3.6934162531404615,2.0
1693,[36 55],7.480620643831882,4.0
1695,[95 92],7.257675663491365,4.0
1697,[97 15],3.203136192927399,2.0
1698,[74 25],6.317401909545419,5.0
1699,[55 75],3.266405886817033,2.0
1701,[94 23],6.85619005538825,4.0
1702,[33 56],9.565557197466603,6.0
1704,[10 44],10.469732781479081,8.0
1705,[99 15],3.14833525810875,2.0
1708,[38 69],6.549253210736696,4.0
1709,[ 5 87],7.149730721672926,5.0
1710,[62 75],5.308900702570011,3.0
1711,[21 59],17.185265676738492,12.0
1714,[1 9],6.9257911894530135,4.0
1719,[82 39],5.970957310095391,4.0
1720,[85 26],3.441129565295066,2.0
1722,[89 77],5.924890050192269,4.0
1723,[67 83],4.16909033659719,2.0
1724,[32 84],6.3699592639010225,4.0
1725,[99 69],8.316754198898874,5.0
1726,[97 43],3.555771555699255,2.0
1728,[71 95],7.271485311651693,4.0
1729,[56 50],9.551621826587782,6.0
1730,[74  4],7.588400348259453,4.0
1731,[74 18],3.154441610341968,2.0
1732,[72 17],3.843527729980944,3.0
1733,[34 47],13.732546460494152,8.0
1735,[36 86],3.2298953130069843,2.0
1737,[ 8 79],6.839025982002247,4.0
1739,[82 10],5.706789019842892,4.0
1741,[44 36],8.81615322981537,6.0
1742,[ 7 75],5.796649655037265,4.0
1743,[97  1],5.36766288977725,3.0
1744,[98 74],3.819814194407889,3.0
1745,[57 94],3.0698922522768735,2.0
1747,[43 66],14.633877833278401,10.0
1748,[68  6],3.6385087345626648,3.0
1749,[ 7 56],9.361038913149363,6.0
1750,[19 76],10.822355630057206,7.0
1752,[99 16],8.705838922973347,5.0
1753,[98 73],4.410352677317764,3.0
1754,[4 2],6.936177437815917,5.0
1755,[95  8],3.913621747460957,2.0
1756,[43 59],6.808580165172863,5.0
1757,[74 96],5.335905350175287,4.0
1758,[27 53],3.643875910422399,2.0
1760,[72 24],12.92393490970266,8.0
1761,[80 18],6.866558385478484,5.0
1763,[81 60],4.617742327087926,4.0
1764,[90 72],5.720555240499012,3.0
1765,[44 41],8.312663864021358,6.0
1766,[72  8],7.314792393722893,5.0
1767,[96  5],6.4076039734769425,5.0
1768,[37 70],5.9063158524348705,4.0
1769,[0 5],4.72994254552996,2.0
1771,[75 90],5.238090506098553,3.0
1772,[95 33],3.5004419261716624,3.0
1774,[44 65],7.9692803998127,6.0
1776,[38 61],9.726960943916772,6.0
1778,[39 29],4.25491620735799,4.0
1779,[62 58],10.661820632444915,7.0
1780,[10 45],9.218605386865113,6.0
1785,[67 68],4.845366894797406,3.0
1786,[62 11],3.9754104312439935,2.0
1787,[ 6 49],10.424820895427503,6.0
1788,[99 38],14.745774615488633,10.0
1789,[42 32],8.239972461509375,4.0
1790,[78 20],5.7055986139329296,3.0
1793,[26 85],3.4961071877143803,2.0
1794,[95 22],12.777568910091375,8.0
1796,[62 37],14.331776522564892,8.0
1797,[69 55],3.4172168548687343,2.0
1798,[ 1 64],9.376745083343522,5.0
1800,[70 34],12.91278227741756,8.0
1801,[86 34],10.0775460255981,6.0
1803,[ 1 35],3.1543119694588704,2.0
1805,[15 33],7.832296665546761,4.0
1806,[22 21],13.105501509825519,9.0
1808,[57 84],6.342994310169487,4.0
1809,[99 70],8.608869513414287,5.0
1811,[ 8 35],5.750370194717934,5.0
1812,[26 47],11.30843154799525,6.0
1813,[58 48],6.836987453356334,4.0
1817,[25 51],15.48095871375355,10.0
1820,[70 25],4.717600870781726,4.0
1821,[ 4 33],8.390273500448927,6.0
1822,[69 41],6.013654415196851,5.0
1824,[16 55],13.937185312480596,9.0
1827,[59 53],3.2390963214469366,2.0
1829,[68 64],3.479447404520174,2.0
1830,[57 85],8.231821070149278,6.0
1832,[40 72],4.834461177873519,4.0
1833,[ 1 46],6.3701490148748885,3.0
1836,[33 47],5.44954624674801,6.0
1837,[65 84],4.002079043938274,2.0
1838,[89 84],4.1506818079256345,3.0
1839,[59 52],6.454054482060073,4.0
1840,[22 26],5.544815229444238,4.0
1841,[49 73],3.1622816675996184,2.0
1842,[93 24],3.5727207418616187,2.0
1843,[63 62],3.0507338645476727,2.0
1844,[61 35],5.215491332529344,4.0
1845,[39 63],3.2576412513388684,2.0
1846,[76 60],16.277254183604214,10.0
1847,[64  8],9.704279173373655,6.0
1848,[98 80],9.374364766166217,6.0
1851,[99 39],3.8233473813713754,2.0
1852,[55 87],4.379743138388273,3.0
1853,[94 79],7.329252449578815,4.0
1854,[38 31],3.8314267822185375,2.0
1855,[93 14],3.3564015490320633,2.0
1856,[52 73],16.107162291877234,10.0
1858,[ 8 42],5.723536872170804,3.0
1859,[51 73],5.075974111704855,4.0
1860,[ 8 43],11.88665184877485,8.0
1861,[ 8 40],10.20046382925086,7.0
1862,[62 48],3.069851189396255,2.0
1863,[63 50],3.429947394463916,2.0
1864,[21 41],7.884819362970621,4.0
1866,[66 35],3.503712397260654,2.0
1867,[92 45],4.552084495518626,4.0
1868,[32 85],3.308390194146642,2.0
1869,[20 80],6.5947115343436185,4.0
1870,[67 61],5.030290583486937,3.0
1871,[76 20],4.793274359486016,3.0
1872,[68 36],6.615114243871755,4.0
1873,[74 13],3.9978281087791503,4.0
1875,[83 39],8.590524925318874,6.0
1876,[ 6 47],11.738104578725064,8.0
1877,[ 2 34],12.926026801107817,8.0
1878,[24 89],3.5101651042635975,2.0
1879,[ 7 48],5.1924585544457855,4.0
1881,[40 71],6.842876683395502,4.0
1883,[23 93],7.793351537426748,5.0
1884,[28 99],5.445536112386227,4.0
1887,[30 50],19.705100155556014,12.0
1888,[94 72],3.0350259663502213,3.0
1889,[80 39],4.219798257916364,3.0
1897,[77 20],4.024661391990522,2.0
1898,[95  0],4.357372649014496,3.0
1900,[52 79],5.899254816931347,6.0
1901,[39 37],9.575561157243916,6.0
1903,[37 86],6.9029720974769635,5.0
1904,[73  2],4.246813521977525,2.0
1905,[95 40],15.770360851125902,10.0
1906,[97 39],10.31804571239911,6.0
1907,[59 54],14.157299208346677,10.0
1908,[56 47],7.421533970036065,4.0
1909,[70 10],3.2931879206296215,2.0
1910,[92 87],6.348938880994772,4.0
1911,[81 11],7.502496799569199,6.0
1912,[68  9],3.4633882300977827,2.0
1914,[65 97],4.869228531214982,4.0
1915,[11 75],3.4624798936018037,2.0
1916,[ 1 95],9.2418111584688,5.0
1917,[61 65],3.3524399935074323,2.0
1918,[ 3 55],9.067155040383044,6.0
1919,[61 70],7.327578394443822,5.0
1920,[79 98],10.659875261373651,6.0
1922,[92 15],4.222437166945895,4.0
1923,[52 74],12.425109935071745,8.0
1925,[51 90],4.753210495773936,3.0
1926,[22 17],6.344575566372445,4.0
1928,[45 72],3.4107707896081214,2.0
1929,[68 58],3.0565153518714707,2.0
1930,[58 94],3.9290236951821664,4.0
1931,[84 24],8.826767791499835,6.0
1932,[22 20],5.395465465570662,4.0
1933,[35 93],3.4590974811012685,2.0
1935,[62 79],3.4306771276282957,3.0
1936,[61 55],4.557367054050756,3.0
1937,[19 84],3.9004215157527273,2.0
1938,[45 30],12.925231823340923,8.0
1939,[25 49],9.700312791412001,6.0
1943,[17 81],3.1548868647792605,2.0
1944,[52 92],11.45994443676236,8.0
1945,[67 67],6.300878143841686,4.0
1946,[23 28],8.814125012145848,5.0
1947,[ 8 34],3.7281994844174475,2.0
1948,[43 34],9.882279442169192,6.0
1949,[23 42],3.056783687576166,2.0
1950,[89 34],3.3895511788775288,3.0
1955,[32 56],10.454177429333688,6.0
1956,[54 76],10.963650804360794,6.0
1957,[82 60],10.938974208464032,8.0
1958,[15 55],4.615689547275553,5.0
1959,[80 24],4.936636441733907,4.0
1960,[38 78],9.783975977506877,6.0
1962,[68 69],8.4707769251256,6.0
1963,[97 90],6.535769800630191,4.0
1964,[61  8],14.511434165822795,8.0
1967,[71 60],11.541531974066904,8.0
1968,[80 89],13.695337929824362,10.0
1970,[70 73],5.232177448781867,3.0
1972,[74 88],6.257051446566729,4.0
1974,[23 14],5.108252505981025,3.0
1975,[53 77],21.136519145719454,14.0
1977,[24 23],7.970022407448845,5.0
1978,[12 78],6.604407220541009,4.0
1979,[ 8 77],14.99038782757076,10.0
1980,[45 41],6.237203374699004,4.0
1981,[75 22],4.55024932917554,4.0
1982,[42 69],3.7408106862281847,2.0
1984,[41 35],9.226303150745386,6.0
1985,[40 76],3.4190832788197483,2.0
1987,[79 99],4.075377859179741,3.0
1988,[32 50],13.24173870809744,8.0
1990,[5 2],7.418013856712304,4.0
1993,[45 71],6.317967596500123,4.0
1994,[ 4 90],3.4546452906174228,3.0
1997,[37 36],7.070807270793905,4.0
1998,[82 91],10.427113374271322,7.0
1999,[79 22],13.173598900284023,8.0
2000,[55 73],13.644652784568748,8.0
2001,[22 11],4.556026973448746,3.0
2003,[40 38],4.72655184084004,3.0
2004,[ 2 42],6.1212521732848035,4.0
2005,[23 32],4.818724097345145,4.0
2006,[20 77],9.721400545152319,7.0
2008,[71 19],9.352995592609044,6.0
2009,[69 23],11.898999716392634,8.0
2010,[17 85],10.446661098785288,7.0
2011,[81 38],4.070186213800929,4.0
2012,[94 60],8.991216059539623,6.0
2013,[81 18],10.07923649630257,7.0
2014,[67 52],19.436700971243305,13.0
2015,[30 84],9.251341076927726,5.0
2017,[13 72],5.938872481253325,3.0
2019,[72 11],3.5002761595884206,2.0
2020,[63 12],12.274356186813021,8.0
2021,[43 73],4.002900450535461,3.0
2022,[69 35],3.556786249169965,2.0
2023,[74 98],6.097395723979404,4.0
2024,[56 81],6.2241195427844715,5.0
2026,[68  7],4.157524447813822,2.0
2027,[84 98],5.328989348254144,4.0
2028,[ 7 78],15.327891352292987,10.0
2029,[ 1 66],7.924563586704392,5.0
2030,[70 67],5.108993589703614,3.0
2032,[ 7 72],6.1798300670529045,4.0
2033,[22  3],3.5979818329528754,2.0
2034,[77 92],3.213085976107859,2.0
2035,[95 32],9.06940292595402,7.0
2037,[13 85],7.749708438056526,4.0
2038,[96 78],6.81761242669893,5.0
2039,[46 77],3.719578330350799,2.0
2042,[96 96],5.188655049231713,3.0
2043,[86 78],6.918328750918309,6.0
2044,[58 53],7.972032829423508,4.0
2045,[88 79],5.592350011664409,4.0
2047,[71 12],7.46359443238269,5.0
2048,[45 61],5.794999102231067,4.0
2050,[94  8],4.1382689651859605,3.0
2051,[41 39],6.7392315853937115,5.0
2052,[ 9 46],3.3626057363132213,2.0
2054,[19 85],4.020925172241418,2.0
2055,[74  5],4.36515152003584,3.0
2056,[58 36],3.6047830284550617,2.0
2057,[6 1],6.628752936949574,4.0
2059,[20 33],10.500086442263996,6.0
2060,[61 17],8.954442888442678,6.0
2061,[97  2],4.872413581647912,3.0
2062,[ 4 92],6.262985031500003,3.0
2063,[26 49],5.7549530542113425,4.0
2064,[42 34],15.968539834760916,10.0
2065,[92  5],3.0905430361837327,2.0
2067,[22 92],3.6182385323511,3.0
2069,[ 6 88],4.144493069966506,3.0
2070,[85  5],5.695547940866821,4.0
2071,[92 90],5.02174837466395,4.0
2072,[ 8 53],7.302197775384486,4.0
2074,[76  8],4.584155163363215,4.0
2077,[30 33],12.200254759898515,7.0
2078,[61 61],4.266503981392535,2.0
2079,[58 56],11.693664522498867,8.0
2080,[68 17],3.692634145350796,2.0
2081,[92  4],10.158644484335879,6.0
2082,[92 33],5.854804779451399,4.0
2083,[62 73],3.9191649730872373,3.0
2085,[36 93],5.730423981748268,4.0
2088,[79 92],4.809136009461383,4.0
2089,[ 7 77],5.828707934220108,4.0
2090,[27 47],3.2262757640785757,2.0
2091,[55 93],9.360083702054029,6.0
2092,[45 69],8.72670723549287,6.0
2093,[ 0 98],5.523547979453841,3.0
2097,[89 73],4.989399658252291,3.0
2099,[92 41],12.114692250495779,8.0
2100,[ 1 76],4.63428897697503,3.0
2102,[27 84],6.401835825267719,3.0
2103,[77 88],4.078986163640721,3.0
2104,[96 72],6.008819288108645,4.0
2105,[84 18],9.14760554208518,5.0
2106,[97  9],3.7788954648280964,2.0
2108,[77  9],5.839911562315472,5.0
2109,[10 61],7.850354824280677,5.0
2110,[71 39],7.6988445001374215,4.0
2112,[63 10],6.834663851615851,4.0
2113,[19 78],7.561198537748773,6.0
2116,[54 75],5.588876085339717,4.0
2117,[93 10],5.532318730094271,3.0
2118,[70 21],4.093256897422405,3.0
2119,[63 28],6.328699351822429,4.0
2120,[62 21],3.4528286319187362,2.0
2121,[96 44],6.440067595638014,4.0
2122,[34 50],4.737780208199746,4.0
2123,[77 24],3.3348186274988865,3.0
2124,[13 86],9.276285230352322,6.0
2125,[42 76],4.484260935021687,3.0
2128,[77 29],4.520371401619155,4.0
2130,[79 30],4.377168040710846,3.0
2131,[ 4 83],8.060798887252275,6.0
2132,[ 2 53],4.470501964075239,4.0
2133,[ 0 85],9.34514893220611,6.0
2134,[14 33],3.433580596817748,2.0
2136,[15 52],3.963405824663734,2.0
2137,[39 77],5.851993093192062,3.0
2138,[23 46],4.129919598553008,3.0
2140,[62  7],20.28096614058244,12.0
2141,[10 92],6.338452854026809,4.0
2143,[38 73],5.129720272194048,3.0
2147,[56 97],4.406738684882125,3.0
2148,[52 60],6.46769890744266,4.0
2149,[43 70],6.781111130901428,6.0
2152,[56 48],8.043640759880082,6.0
2153,[92 16],3.1212207015397238,2.0
2154,[63 76],4.791891201652838,3.0
2155,[48 77],6.860705920766556,4.0
2156,[10 49],9.621087829545713,6.0
2157,[61 18],14.063011342456937,8.0
2158,[ 0 81],17.066534304080005,9.0
2159,[ 0 89],3.952304796882393,2.0
2160,[45 62],8.134737498441998,6.0
2161,[56 56],6.238099024467282,4.0
2162,[22 16],6.879172654824354,5.0
2165,[45 29],10.86068504560529,8.0
2166,[27 52],12.301499250954084,8.0
2167,[45 31],13.459509963269516,8.0
2168,[33 52],11.275053910849337,6.0
2169,[64 93],7.222821851237049,4.0
2170,[56 85],8.40552400003963,6.0
2171,[39 64],7.9654802769554465,4.0
2172,[77  3],6.839848988978789,4.0
2173,[17 77],4.884715785263304,3.0
2174,[21 81],5.350476290207554,4.0
2176,[18 75],9.235631486406048,5.0
2177,[85 14],6.6516460644812305,4.0
2178,[72 41],11.200032355461907,7.0
2180,[73 82],8.493683314692209,6.0
2181,[72 91],3.903294999255591,3.0
2182,[30 82],8.01221704890071,5.0
2183,[78 38],6.633117140715865,4.0
2184,[13 77],5.855430293373712,4.0
2185,[52 93],9.645413264490346,6.0
2187,[23 41],6.389114980261432,4.0
2188,[64 79],5.613213825964154,4.0
2190,[85  6],6.7521645397327035,4.0
2191,[29 98],3.1740136224389803,2.0
2192,[72  1],3.5459518222564226,2.0
2193,[64  9],5.779798527308937,4.0
2194,[63 52],6.56273869435014,4.0
2195,[21 96],3.003035024068284,2.0
2196,[10 79],6.458189278977782,4.0
2197,[ 0 37],4.403581861232065,3.0
2198,[13 79],11.922680003801691,7.0
2202,[99 64],3.0138692650930676,2.0
2205,[84 99],4.755000347573398,3.0
2206,[97 23],8.164986085523061,4.0
2207,[93 92],9.427458835812402,6.0
2209,[96 12],4.409552933926051,3.0
2210,[85 94],3.3223111158137604,2.0
2211,[31 98],10.169364450647924,6.0
2215,[69 28],7.229540266286847,5.0
2217,[78 40],9.217141054901697,5.0
2219,[21 80],13.519073718669771,8.0
2220,[51 77],6.213542063425583,4.0
2221,[ 4 59],9.290658088041646,5.0
2222,[89 37],6.836369206687317,4.0
2223,[44 29],6.376375360211858,4.0
2225,[75 42],5.57998499172025,4.0
2226,[0 1],3.2695067540018767,2.0
2228,[ 9 44],9.898091169823362,6.0
2229,[65 95],3.2115073947949373,2.0
2231,[ 1 62],3.036901514716199,3.0
2232,[ 0 58],7.849769130765748,5.0
2233,[40 33],6.4888797619010585,4.0
2235,[69  4],3.128057227979985,2.0
2236,[41 86],5.712826510172293,5.0
2238,[62 33],3.7854396521058673,2.0
2239,[ 6 95],3.8588831403999784,3.0
2240,[ 2 80],6.211973204980019,4.0
2241,[ 8 44],6.940815864689496,4.0
2242,[45 66],15.967201093325544,10.0
2243,[50 44],6.762226130989874,6.0
2244,[80 27],5.2285434238320185,3.0
2245,[51 72],8.357283933045926,6.0
2246,[59  1],6.705951311789417,4.0
2247,[33 46],10.103364968280868,8.0
2248,[96 91],8.258884936374605,6.0
2250,[62  8],3.418774722971561,2.0
2252,[90 34],6.556940792196158,5.0
2253,[23 56],7.938965629047047,6.0
2254,[21 61],10.584056168273925,7.0
2255,[72  0],14.30957261873954,10.0
2256,[ 8 62],3.639879238279709,2.0
2257,[37 75],6.099119466185464,4.0
2258,[56 31],5.105275948966101,3.0
2260,[57 30],3.810388142506368,3.0
2261,[26 99],11.215965948803872,6.0
2262,[39 78],4.46775826758888,3.0
2263,[60 98],6.423897734493915,5.0
2265,[83  0],18.53271655606495,12.0
2266,[76 21],8.870772750151634,6.0
2267,[84  4],9.541621609021226,6.0
2268,[71 28],4.879702557480044,3.0
2270,[42 57],4.575859617524912,2.0
2272,[87 82],10.72301233952875,8.0
2274,[13 83],8.384313055265798,5.0
2275,[67 46],7.081344202887826,5.0
2277,[99 75],4.141596925582347,3.0
2278,[33 84],7.005400520395895,5.0
2279,[ 0 18],4.227511239921326,3.0
2281,[59 49],6.715075398093339,4.0
2284,[69 79],3.444895810112179,3.0
2285,[58 47],10.936113897670568,8.0
2286,[79 24],9.507052457463157,6.0
2287,[21 63],3.9796723725000476,3.0
2288,[76 24],3.686748436394079,3.0
2289,[10 91],6.702423929511696,4.0
2290,[98 79],4.266721221975699,3.0
2292,[16 83],6.247587169989568,4.0
2293,[ 9 98],4.270168655100652,3.0
2294,[11 54],3.200272743954902,2.0
2295,[70 71],5.302659552319186,4.0
2296,[99 19],8.668285927144781,5.0
2297,[ 7 51],11.648931686962564,8.0
2298,[18 52],7.00105550314432,4.0
2299,[78 14],7.25516486287933,4.0
2302,[73  0],7.742536102076476,6.0
2304,[22 50],4.155699169857185,2.0
2306,[47 72],12.191258432695346,8.0
2307,[63 19],6.20294269552625,6.0
2308,[95 19],4.052609972595473,3.0
2309,[ 7 76],3.5853951497082326,2.0
2311,[37 67],13.512938296782663,8.0
2313,[98 35],11.901812873100845,8.0
2314,[72  5],6.928038946375883,4.0
2317,[ 2 82],18.040088177615896,12.0
2320,[81 87],8.108842336213154,6.0
2321,[ 1 91],3.221568432711681,2.0
2323,[12 32],6.035987609533255,4.0
2324,[80 82],4.096207108231607,2.0
2325,[13 55],7.240794319854622,5.0
2326,[83 40],5.193702639772573,4.0
2327,[33 55],12.841422904564155,8.0
2328,[27 49],15.24988436303743,12.0
2329,[ 4 94],8.319494271721926,4.0
2330,[12 80],9.589920996179986,5.0
2331,[24 49],5.260657152673904,4.0
2332,[36 54],10.631292494564061,6.0
2333,[62 14],16.572774876614112,10.0
2334,[1 2],3.3260481551428347,2.0
2335,[94 22],3.7703107303837777,3.0
2338,[44 33],11.847087527909101,8.0
2339,[41 59],8.879864228638944,6.0
2340,[16 46],7.726949403298158,5.0
2341,[24 51],4.758251707616387,3.0
2343,[12 47],9.167315549676932,5.0
2345,[ 0 54],3.9635846598042868,3.0
2346,[ 1 37],3.797224202803198,2.0
2347,[ 1 55],6.153997411885943,4.0
2348,[95 38],8.128774354627733,6.0
2350,[97 26],3.8709084366599846,4.0
2352,[92  7],3.615659021125929,2.0
2353,[70 50],9.593326223340767,7.0
2354,[86 74],3.5488163925784497,2.0
2355,[61  5],7.459589536821515,6.0
2356,[ 1 36],7.284358528955767,6.0
2357,[77 14],3.3140769043249065,2.0
2358,[80 99],6.056917626492491,4.0
2359,[64 56],5.598846848971576,4.0
2361,[15 32],3.415584832767742,2.0
2362,[72 23],4.337212865168911,3.0
2365,[42 68],3.3006559884817577,2.0
2366,[93 93],11.180873687857995,7.0
2368,[10 38],9.587866347981983,7.0
2370,[ 0 19],6.693226812988112,4.0
2371,[76 10],8.769581111127774,7.0
2372,[55 92],3.147964528056975,2.0
2374,[32 86],3.4723416494646555,3.0
2375,[70 38],7.260658988614769,6.0
2376,[20 85],6.558949437702264,3.0
2377,[92 95],13.561579324472477,8.0
2378,[24 18],6.070536883634663,4.0
2379,[49 79],17.073945873590425,10.0
2380,[46 63],4.604383692335579,2.0
2381,[67 30],3.253300382971771,2.0
2382,[18 85],5.016629342359337,3.0
2383,[99 76],8.23413577553275,6.0
2384,[18 55],3.52279347466624,2.0
2385,[ 1 82],13.031034651698475,8.0
2386,[57  0],4.753948735573357,3.0
2387,[24 16],5.974213306431385,3.0
2388,[62  6],3.9233343661083864,2.0
2391,[ 9 91],11.023325451042043,8.0
2392,[ 2 47],3.1376365334133016,2.0
2393,[77 11],6.841992431967899,5.0
2394,[64  3],11.399773245379656,6.0
2395,[43 72],3.9159119263206823,2.0
2396,[97 91],9.772137002981562,6.0
2397,[93  0],3.1067764600678967,3.0
2398,[30 47],9.172020628731218,8.0
2399,[56 51],5.4635943515614835,4.0
2400,[69 54],5.418591310097545,4.0
2401,[86 35],3.410834688573269,3.0
2402,[17 52],3.2665174905249312,3.0
2404,[ 0 46],4.749070715038909,4.0
2405,[77 17],6.633739386421647,5.0
2407,[ 6 31],3.248319975898197,2.0
2409,[48 79],12.758200224301962,8.0
2410,[79  9],8.351624225165217,5.0
2411,[99  7],5.128088216516963,4.0
2412,[30 52],7.8920566127657885,6.0
2413,[84 22],3.0001382602660245,2.0
2414,[ 0 34],4.8361443932305885,3.0
2416,[68 22],3.5723691524835957,2.0
2418,[53 31],5.424803856271474,4.0
2419,[51 75],10.105499799041077,6.0
2420,[86 84],8.016027106877479,6.0
2421,[ 5 90],7.5859800144240825,4.0
2422,[ 4 57],5.2059990110992995,4.0
2424,[10 76],7.427035300429633,4.0
2425,[69 66],3.460399461341178,3.0
2427,[42 36],18.542153849984203,12.0
2429,[50 74],3.3117719670127617,2.0
2430,[82 25],4.693752793434656,3.0
2437,[59 48],4.2941056229332695,4.0
2439,[57 47],14.599509677504761,10.0
2441,[93  5],5.578394828447115,4.0
2442,[13 53],3.23872847370386,2.0
2443,[41 29],10.466635629436372,8.0
2444,[22 25],3.256624651832948,2.0
2445,[44 70],11.3979520413616,6.0
2446,[15 46],6.935791576186068,6.0
2447,[79  2],4.299610744801023,4.0
2448,[99  3],6.014507641334303,4.0
2451,[42 31],9.474578500073552,6.0
2452,[ 0 42],4.088370135609094,3.0
2453,[59 94],4.266111183958448,3.0
2454,[81 10],3.8026324077445666,3.0
2455,[99 78],4.606536806935703,4.0
2456,[12 83],6.961601134587391,5.0
2457,[64  7],20.639796066222058,12.0
2459,[97 88],7.70086110654091,4.0
2460,[ 9 53],12.735254270853323,8.0
2461,[ 3 54],8.782811427633673,6.0
2462,[73 19],3.395665297357846,2.0
2463,[53 45],3.5969891067086417,2.0
2464,[38 71],6.64684812653692,4.0
2465,[53 43],9.768678686950485,6.0
2466,[91 34],4.953794947495976,4.0
2469,[ 9 71],4.729171200824029,3.0
2470,[57 86],14.473365253202022,10.0
2471,[24  9],4.268546984173443,3.0
2472,[40 37],13.111584227308844,8.0
2475,[81 29],4.8540479206127305,3.0
2476,[83 15],8.206215925992884,5.0
2477,[ 5 97],3.4932803392234284,3.0
2480,[83  7],5.243935830209029,4.0
2481,[0 2],7.3695022918816555,4.0
2482,[83 95],4.119154830050698,3.0
2483,[95 12],5.377091536429155,4.0
2484,[95 26],5.619326903135647,4.0
2486,[95 96],5.2898047144457685,3.0
2490,[59 58],4.030490659802517,3.0
2491,[16 47],5.017216812339193,3.0
2492,[ 4 52],13.338829100822306,8.0
2493,[45 68],3.8862116528941932,2.0
2495,[70 72],9.529922191847529,6.0
2496,[43 30],14.761636443861306,10.0
2497,[24 24],4.536513429979656,3.0
2498,[14 79],3.2805389099537514,2.0
2500,[22 39],5.227663450897149,3.0
2503,[25 50],13.696578191051492,8.0
2504,[56 84],6.125864873258129,4.0
2505,[ 6 55],13.071856810544851,8.0
2506,[65 34],6.363177386894337,3.0
2507,[ 2 57],3.1188208998389726,2.0
2508,[47 79],8.795371727355418,6.0
2509,[88 73],5.325080845786763,4.0
2510,[36 98],9.616875105999409,6.0
2512,[70 45],5.305927837952849,3.0
2515,[94 13],14.090707263776014,8.0
2516,[37 29],5.396114679968979,4.0
2517,[62 15],9.539860938504518,6.0
2518,[73 97],3.757371865183369,3.0
2519,[ 1 48],5.717512077918408,4.0
2520,[68  2],3.891819318791048,2.0
2521,[63 32],4.037757085694134,3.0
2523,[13 51],3.4934797048921977,2.0
2524,[82 90],3.1645391307595307,2.0
2525,[99 41],10.360040377074306,6.0
2526,[22 42],6.2709508255545545,5.0
2527,[36 51],6.011034715638753,4.0
2528,[26 51],16.178496395774065,10.0
2529,[55 77],5.474038499316384,4.0
2530,[72  7],4.794455753195749,3.0
2531,[67 54],9.467917240578092,5.0
2532,[37 31],9.40090562203095,6.0
2535,[29 32],7.005936660613407,4.0
2536,[80 98],4.951959462578349,3.0
2537,[16 52],7.800353965771125,5.0
2539,[57 46],7.506211808576655,6.0
2540,[86 98],8.033515355537878,7.0
2541,[24 27],4.031229307370281,3.0
2542,[88 99],9.180266916929291,5.0
2543,[96 24],3.303882260538593,2.0
2544,[22  5],3.014483313328613,2.0
2545,[60 95],5.001873972999337,4.0
2547,[59 84],8.74811154137649,6.0
2548,[76 39],9.916885730700855,5.0
2551,[61 27],9.581942065165993,6.0
2552,[73 98],8.781794723862541,5.0
2553,[62 13],8.137366193730097,6.0
2554,[65 85],4.29519351260207,4.0
2555,[95 20],14.370469648758988,8.0
2556,[34 46],10.20025390788821,6.0
2557,[80  1],5.296383227949879,4.0
2559,[ 8 54],3.7528014702119346,2.0
2561,[73 16],5.3851348500887815,3.0
2562,[71 22],6.37726566319709,5.0
2563,[69 46],14.327756995120367,11.0
2565,[41 69],3.445661717070297,2.0
2566,[ 8 66],3.440143504555496,3.0
2567,[25 52],4.058047445302169,2.0
2568,[62 34],6.543105033489497,4.0
2569,[ 6 97],4.479916597877034,3.0
2571,[43 64],8.727147719085831,6.0
2573,[60 54],18.510572189188736,12.0
2574,[70 51],3.0979691228520885,2.0
2575,[75  0],4.256085482786757,2.0
2576,[42 78],3.192432461795428,2.0
2578,[48 93],12.890439947191743,8.0
2579,[ 5 54],12.435132216295202,8.0
2580,[63 74],6.8730209257723525,5.0
2581,[72 96],11.124974973279883,7.0
2582,[57 58],5.03577643661318,4.0
2583,[60 34],5.339115417090996,3.0
2584,[17 53],3.342339837514791,2.0
2585,[18 77],10.968586962222314,7.0
2586,[61 11],7.9616419154811915,6.0
2588,[22 80],8.299700589824859,5.0
2589,[93 39],10.645570998389935,8.0
2590,[71  1],12.439526780024305,8.0
2591,[25 53],7.004488336191886,4.0
2592,[62 71],10.242976602811073,7.0
2594,[ 1 50],9.569308392792383,5.0
2595,[71 88],5.866713924646276,5.0
2596,[58 55],4.682207740764223,4.0
2597,[81 90],6.673503205519569,5.0
2598,[12 79],10.385299072307944,6.0
2601,[78  2],6.527316768653158,4.0
2602,[45 78],7.598709122311892,4.0
2605,[39 85],4.2005595743405335,3.0
2607,[71  6],5.077223725696344,4.0
2609,[ 5 33],4.118630970986951,4.0
2610,[84 60],5.9798087737019,4.0
2611,[ 1 25],4.164287622689804,3.0
2612,[96  4],4.436164884415166,3.0
2614,[22 88],11.11667317723619,6.0
2616,[68 48],8.681463065633588,6.0
2618,[83 14],3.431141145054297,2.0
2619,[41 37],5.637294753379336,4.0
2620,[ 6 52],9.691518158863264,6.0
2622,[30 51],14.151742456318313,10.0
2625,[25 93],5.318311886901824,3.0
2627,[14 53],4.028776526759844,2.0
2629,[40 35],8.612712777028301,6.0
2630,[19 73],4.143493624066573,3.0
2631,[74 42],6.193371854393904,4.0
2632,[64 34],10.145918037106386,6.0
2634,[77 94],3.939223428536859,3.0
2636,[44 40],4.134817334209138,3.0
2638,[78 16],5.6775693940703,4.0
2640,[98 68],5.2047600133113985,3.0
2641,[63 16],11.635526054886697,6.0
2642,[75 98],7.435409287225215,5.0
2645,[72 40],3.2513294421046175,2.0
2646,[81  2],10.680414587356442,6.0
2647,[ 0 12],11.127857417471802,7.0
2648,[72 92],7.434222778716678,4.0
2649,[64 21],5.826915593742027,4.0
2650,[93 23],9.23553115423191,5.0
2652,[46 76],9.41401365713149,6.0
2654,[ 5 60],6.320652106248259,4.0
2655,[75 97],3.611266288008685,3.0
2656,[60 36],3.269786099834298,3.0
2659,[64 49],4.648938346137484,3.0
2660,[51 45],6.349580586403878,4.0
2661,[30 46],16.587848951992783,12.0
2662,[38 35],5.906768226309728,4.0
2664,[70 69],3.4566987787331627,2.0
2665,[77  0],15.449808153682856,10.0
2666,[ 2 96],12.759790334706675,8.0
2667,[ 2 98],4.656031857808081,3.0
2668,[25 48],5.262614220016668,4.0
2669,[40 57],5.758998365627218,3.0
2671,[60 96],6.493887578334511,6.0
2672,[57 31],4.839566040599482,3.0
2673,[45 67],11.377069758813256,8.0
2674,[11 32],4.727233815054972,4.0
2675,[42 62],14.558360634585009,10.0
2676,[96 28],5.714986103498967,3.0
2677,[53 44],10.62746635093203,6.0
2678,[ 0 52],7.659172171181643,5.0
2680,[43 78],9.866938483709347,6.0
2681,[56 46],15.528225914043091,10.0
2683,[47 44],9.281253589433556,6.0
2684,[36 32],5.536766174265905,3.0
2685,[ 1 13],12.921447394859229,8.0
2687,[14 77],6.756733005053737,4.0
2688,[79 39],7.831335887928513,5.0
2690,[75 19],3.085690000889835,2.0
2691,[29 54],9.932885195982227,6.0
2692,[60 97],6.1769073522028775,3.0
2694,[42 71],7.28265823760107,4.0
2696,[10 93],9.42137583547041,6.0
2697,[69 93],9.524540315660698,7.0
2699,[ 4 56],17.907705027081576,12.0
2700,[72 13],5.057938253068552,3.0
2701,[99 40],8.609129615102352,6.0
2706,[75 39],6.525325180146484,4.0
2709,[24  6],4.186611089801613,3.0
2710,[84 10],3.899359616844282,3.0
2711,[71 23],3.9000988548334212,3.0
2712,[17 33],7.345962316623872,4.0
2713,[92 24],3.180957782522313,2.0
2714,[40 42],3.152478472202025,2.0
2715,[83 90],3.052170984318139,2.0
2716,[79 90],6.5020436028952036,4.0
2717,[19 81],6.853811418260104,5.0
2718,[55 45],11.70372214121272,8.0
2719,[ 6 53],7.126723686642919,6.0
2721,[69 72],3.5384622337115816,2.0
2722,[91 82],3.7795976682009282,2.0
2723,[64 64],3.8148132579359735,3.0
2724,[ 8 76],16.680880609163452,10.0
2725,[52 90],8.540511790355437,7.0
2726,[62 25],4.737771460425799,4.0
2730,[76 98],3.5987038464692818,2.0
2731,[24 26],7.111724772230627,4.0
2732,[92 91],6.066821045373049,4.0
2733,[45 36],13.918834226128254,8.0
2734,[99 27],4.391420836275849,2.0
2735,[14 81],4.435940686920604,3.0
2736,[14 80],8.278463217708289,6.0
2737,[ 7 89],4.5618384993505,4.0
2738,[56 54],5.045705767317546,4.0
2739,[94 73],3.889500279213197,2.0
2741,[5 0],4.496440771428395,3.0
2743,[2 2],6.794484916127094,5.0
2745,[83  2],7.1595134864626955,4.0
2746,[38 37],8.972544886001069,6.0
2747,[64 58],3.610394761322392,2.0
2749,[75 21],4.592059128347287,3.0
2751,[ 1 34],10.718758559533887,7.0
2753,[85 23],4.382625134824451,2.0
2754,[15 74],4.824771912175011,4.0
2755,[24 22],9.909129281727386,6.0
2756,[ 2 59],20.406235939626747,14.0
2757,[71 40],6.682577332849784,5.0
2758,[32 99],7.901160136069004,6.0
2759,[38 76],11.368229751716225,7.0
2760,[68  1],6.915002888276847,4.0
2761,[93  9],4.200593278399018,3.0
2763,[61 59],4.314366357486137,2.0
2764,[55 83],3.4647474605740847,2.0
2765,[ 8 38],6.262020404705149,3.0
2766,[78 98],8.672765789669452,6.0
2767,[59  0],6.446485223532364,4.0
2769,[30 54],3.110512735252642,2.0
2770,[64 70],3.709438296513569,2.0
2771,[33 53],16.393130150291274,10.0
2772,[ 2 39],9.890866671647947,7.0
2773,[51 43],7.668713957105242,6.0
2777,[91 79],5.077309759444597,4.0
2778,[38 67],7.298192921239779,4.0
2779,[ 1 40],4.0475150874812975,2.0
2780,[23 13],9.042525759035675,5.0
2781,[ 9 37],15.561946199579433,10.0
2784,[44 76],4.189312526557716,2.0
2786,[26 50],15.766241058738359,12.0
2787,[89 35],3.6676742210995545,3.0
2788,[70 78],3.8718661709245383,4.0
2791,[76 91],3.819107192464716,2.0
2792,[63 11],11.39137154265344,8.0
2793,[ 3 92],8.408794040698348,5.0
2795,[70 61],4.169394192736557,2.0
2796,[98 37],4.25693954136536,3.0
2797,[85  9],4.510326238157485,2.0
2798,[84 88],7.8658664561420775,4.0
2799,[88 85],4.308293609277499,2.0
2801,[99 74],4.612480447641431,3.0
2802,[ 0 28],4.063661207699104,2.0
2807,[77 23],10.592687761506342,6.0
2808,[41 71],16.991513777003306,12.0
2810,[82 23],3.6161627702074384,2.0
2812,[95 21],8.143949374675742,5.0
2814,[76 29],3.398538384565163,4.0
2815,[63 26],6.0164061058590566,4.0
2816,[20 86],4.5445617518159365,4.0
2817,[48 72],9.00350442730245,6.0
2818,[97 87],6.281258252229414,4.0
2819,[71 26],6.0252592274613,6.0
2820,[90 82],7.319471331220166,4.0
2821,[49 44],6.195384003859971,4.0
2822,[68 66],3.814419073591852,2.0
2823,[23  5],7.608495229550721,6.0
2824,[49 31],6.200369490100701,4.0
2825,[ 0 59],3.454230191922222,2.0
2826,[84 15],3.434347257520829,2.0
2827,[85 17],3.586120049116322,3.0
2830,[24 98],4.105220788416728,3.0
2832,[23 18],4.014798199985282,3.0
2833,[71 11],5.5096098966570555,3.0
2834,[50 87],3.8916517932974557,3.0
2837,[28 50],11.528979104854788,8.0
2838,[28 55],6.452274202592228,4.0
2840,[99 98],3.5209589858268124,2.0
2841,[87 60],5.581647312014672,3.0
2842,[85  1],3.109793281069954,2.0
2844,[29 51],11.262457893195803,6.0
2845,[ 0 57],4.062187153751951,3.0
2847,[81  1],3.7836552873453275,2.0
2849,[ 8 74],8.499331698473144,6.0
2850,[10 40],4.6195368775742605,2.0
2851,[65 86],13.876285271771058,9.0
2852,[35 53],5.40516416175736,4.0
2853,[80 96],5.538292499940823,3.0
2855,[ 5 93],3.3900048791287665,2.0
2856,[34 84],11.192407255906458,7.0
2857,[44 32],13.828099352930957,8.0
2859,[55 60],3.0771551260954446,2.0
2860,[68 37],3.9017543272862816,2.0
2861,[96 79],4.6154763177178095,3.0
2862,[96 88],10.218808787119125,6.0
2863,[88 35],4.4096348907002465,3.0
2865,[73 60],17.248465486366108,10.0
2866,[78 82],12.915774274277108,8.0
2868,[10 90],7.769626679044246,4.0
2869,[ 1 87],8.684870688597,5.0
2870,[ 3 89],10.988892509311754,7.0
2871,[76 22],8.3705907339865,6.0
2872,[96 74],7.8047753918906775,5.0
2874,[79 97],4.607704148069141,4.0
2876,[ 1 77],9.454984816848729,6.0
2879,[59 30],5.377925589666986,4.0
2880,[40 29],7.420672632765063,4.0
2882,[82 88],3.7908282413423295,2.0
2883,[45 57],6.052626067135807,4.0
2884,[63 79],6.819172353312765,5.0
2885,[ 1 30],8.16312796476971,5.0
2886,[46 64],5.156211379557672,4.0
2890,[78 31],8.20323972425064,5.0
2891,[98 57],8.757891316757838,6.0
2892,[93 97],3.3285129449426103,2.0
2895,[29 46],14.803980355026079,8.0
2896,[ 0 53],9.551223705646702,6.0
2897,[43 71],6.134337117718383,4.0
2898,[87 75],7.717540285723978,5.0
2899,[11 79],3.042866956662058,2.0
2900,[24 43],4.374514190250457,2.0
2901,[92 76],4.707386640041275,3.0
2902,[ 8 75],12.72231014279043,8.0
2903,[61 21],11.595645944069734,8.0
2904,[23 22],8.850746936374936,6.0
2905,[ 2 58],18.003588019195977,14.0
2906,[91 84],3.0112430228804787,2.0
2908,[26 86],6.3180279552706295,5.0
2909,[61 26],14.324405156241149,10.0
2911,[87 34],5.874308545211834,4.0
2913,[44 30],9.485962836024443,6.0
2914,[38 86],3.4646882752830566,2.0
2915,[76 18],17.67259522954752,12.0
2916,[99 93],8.239701789541298,6.0
2917,[96 33],5.065573960711643,4.0
2919,[64  6],8.089397824818889,6.0
2920,[87 79],3.3873566799671755,2.0
2923,[76  0],3.0585279345954075,2.0
2924,[ 5 83],3.1535190740443153,2.0
2925,[ 9 78],7.5417020834178174,6.0
2926,[20 76],4.439794386441058,3.0
2927,[57 51],4.627210527173919,4.0
2928,[84 14],7.14158975870651,4.0
2929,[1 4],11.94861007803678,8.0
2931,[ 8 90],4.038215610399938,2.0
2934,[67 81],3.0250900771890485,2.0
2935,[78 24],5.957865433207878,5.0
2936,[83 96],3.9392115562518244,2.0
2937,[85 12],4.212542447256504,3.0
2939,[ 0 77],6.920000125253814,5.0
2942,[94 20],3.422217592230851,2.0
2943,[0 4],6.9715385431818255,5.0
2944,[94 91],10.703447548120014,6.0
2945,[97 20],4.460252221974706,2.0
2946,[46 29],15.008862266027117,8.0
2947,[ 4 97],7.816970221359549,5.0
2948,[21 68],11.627193398767055,7.0
2950,[24 17],8.924463082715608,6.0
2953,[69 11],3.948884594522224,2.0
2954,[36 84],5.061027712013226,3.0
2956,[85 98],3.2452390341979767,2.0
2959,[29 48],9.075878478199293,6.0
2960,[ 1 92],3.5608269080035724,2.0
2961,[98 34],3.0253281311863534,2.0
2962,[39 30],3.46742172316317,2.0
2963,[12 72],4.6202018610077475,3.0
2964,[69 36],12.207511665363798,9.0
2965,[14 83],5.18844154752457,3.0
2967,[11 33],20.418065495705974,12.0
2968,[58 54],10.779444549427296,8.0
2969,[61 78],4.420214681435329,2.0
2972,[98 64],3.3284419368020814,2.0
2973,[93 20],5.447608223420753,4.0
2974,[78  6],5.9011625952023,4.0
2975,[81 16],4.5696134164873525,4.0
2977,[93  6],3.2487488415319037,2.0
2978,[71 10],6.197109995604489,4.0
2979,[71 20],6.494619257444637,4.0
2980,[95 73],6.0516353302369446,5.0
2981,[46 30],5.61612394767852,4.0
2983,[62 18],5.53471406838311,4.0
2984,[40 62],4.055602235962068,4.0
2985,[48 43],6.5344627705516345,4.0
2987,[49 76],9.699259143155961,6.0
2988,[93 27],11.744244725091525,6.0
2990,[64 23],5.12991631897084,4.0
2991,[18 53],3.46997160232445,4.0
2993,[59 80],4.661939729839509,3.0
2994,[54 79],3.0820545220570508,2.0
2995,[58 81],5.185590147038411,4.0
2996,[46 78],3.2403553890712313,2.0
2998,[48 89],7.082052545653234,4.0
2999,[ 0 62],10.315316806195389,6.0
3001,[56 99],10.72232630095266,6.0
3004,[83 24],5.2379939613336015,3.0
3005,[80  5],4.491098331650358,3.0
3006,[88 36],5.881465994362504,4.0
3007,[78  0],5.236247644391022,4.0
3008,[39 74],6.077665043826702,5.0
3009,[58 86],4.072395432199103,4.0
3010,[88 74],7.238748281791612,5.0
3011,[87 37],4.706425215640947,4.0
3012,[88 58],5.22017416250359,3.0
3013,[72 94],6.205842432983449,4.0
3014,[ 9 70],3.750177050978655,2.0
3016,[21 69],3.49418715198071,3.0
3018,[37 37],3.6160909919242465,2.0
3019,[37 65],7.58066905309899,6.0
3020,[10 66],4.583414582049963,4.0
3021,[62 83],5.147922245155941,4.0
3022,[47 93],11.189963882173096,8.0
3023,[10 70],3.244343224965882,2.0
3024,[58 84],5.5385898699010925,4.0
3025,[37 85],10.95123754554751,7.0
3026,[59 50],6.646668835354371,4.0
3028,[35 33],4.763687456687283,3.0
3029,[87 36],6.361470776960068,4.0
3030,[49 60],5.3626858359897165,4.0
3031,[38 65],3.345148697297867,2.0
3032,[76  3],5.85324176690556,4.0
3035,[81 21],3.489139780504689,3.0
3036,[59 85],3.7155386084494095,2.0
3037,[54 74],5.088419662013312,4.0
3038,[80  6],6.679352976477191,5.0
3039,[ 9 75],7.462510959578481,6.0
3041,[71 92],4.5384155382475075,3.0
3042,[76 16],5.087032296735625,3.0
3044,[55 43],5.18110814544283,4.0
3046,[76 42],6.913678222103342,4.0
3047,[ 3 56],10.048017055685115,8.0
3048,[63 15],4.921412050658223,4.0
3049,[77 25],5.946698597840273,4.0
3050,[ 0 15],8.553905774480294,6.0
3052,[64 73],4.695755969401974,3.0
3053,[56 35],4.306094672902639,3.0
3056,[50 76],5.811382726811388,4.0
3057,[10 41],5.397805583638219,4.0
3058,[62 20],9.302868626375549,8.0
3059,[82  1],4.156627433979,4.0
3061,[ 5 59],6.288876538457522,4.0
3062,[24 99],7.354283225723732,6.0
3063,[51 74],6.779497140896272,4.0
3064,[68 14],3.317133165574406,2.0
3065,[84 96],4.167927902102502,4.0
3067,[63 22],5.432567607504355,4.0
3068,[72 38],6.26658892496663,4.0
3069,[92 39],8.911082136018276,6.0
3070,[16 75],6.177095665888496,6.0
3071,[97 92],6.77151212424624,4.0
3072,[99 11],6.043633598902367,4.0
3073,[76 90],4.922859910249018,3.0
3076,[56 52],5.644304440389023,4.0
3078,[99  6],5.489103450958012,3.0
3079,[62 78],4.990556152540016,3.0
3080,[ 4 51],4.146500401583548,4.0
3081,[75 25],6.126970719927453,3.0
3082,[71 38],4.344905778407672,3.0
3084,[62 77],8.03758077874761,4.0
3086,[44 38],4.597020848334689,3.0
3087,[60 94],5.5744398864669895,3.0
3088,[25 54],3.5139132248441656,2.0
3089,[ 1 10],11.296819270690396,7.0
3091,[97 40],8.577805334008149,6.0
3093,[70  0],4.460035870511866,3.0
3094,[28 98],14.68401887839743,10.0
3096,[46 73],3.4994743451523362,2.0
3099,[37 62],8.053645249420798,6.0
3100,[62  9],6.683481679386343,4.0
3101,[61 19],13.505727446545803,8.0
3103,[98 62],3.178333123506656,2.0
3104,[61  7],7.3863285693045535,6.0
3105,[76  2],6.079731563564795,4.0
3106,[76 12],10.838750178154033,8.0
3107,[11 80],6.407612837055768,4.0
3108,[39 76],9.837242715450808,6.0
3109,[30 49],12.96319487713934,8.0
3110,[23  6],3.995581981716754,2.0
3111,[75  1],14.107461481548649,10.0
3112,[11 51],3.056690047170582,2.0
3113,[ 8 47],3.583451347461149,2.0
3114,[24 20],7.259683260745602,4.0
3115,[37 33],6.586685857093353,4.0
3116,[92 43],5.930169971771942,4.0
3118,[31 49],19.651970400421355,14.0
3120,[44 68],10.458292411340077,6.0
3121,[43 42],7.175839781152893,4.0
3122,[ 0 45],3.9020789478744837,2.0
3123,[98 38],8.563487365827307,6.0
3124,[87 85],4.1434101957993335,2.0
3125,[74 28],9.370915499083974,6.0
3127,[85 97],4.026912140955303,3.0
3128,[60 50],5.929843857857916,4.0
3129,[16 84],3.271776213579585,2.0
3131,[91 37],3.862362895828197,3.0
3132,[23  3],4.042208346377128,3.0
3134,[ 5 57],3.244789549636481,2.0
3135,[46 39],10.454349980709289,8.0
3136,[83 87],4.703719754894363,3.0
3138,[32 53],10.575764697466841,8.0
3140,[40 69],12.890048406391681,8.0
3141,[ 0 44],4.687409603420345,3.0
3143,[21 78],7.222669705949713,6.0
3144,[75 92],4.740761693710969,3.0
3145,[ 1 61],7.972247197416336,5.0
3148,[ 9 82],4.719206267663929,3.0
3150,[39 75],10.963268865616119,6.0
3151,[71 21],5.1612680338422825,5.0
3152,[ 9 92],13.303527631914491,8.0
3153,[ 1 18],7.197268480744193,5.0
3154,[50 93],10.763883297194347,8.0
3156,[56 36],4.142278765298887,3.0
3157,[97 79],4.4431336912502,3.0
3159,[58 30],5.303074301467602,4.0
3161,[ 9 76],6.445500814359445,4.0
3162,[17 75],8.825004880169754,6.0
3165,[16 32],14.265174357104286,10.0
3166,[ 3 52],8.091108260735284,6.0
3168,[27 85],3.167962580576889,3.0
3169,[39 73],6.792187653004069,4.0
3171,[60 80],6.3884030173793,5.0
3172,[73 11],7.663334497249765,5.0
3173,[97  5],11.523902767508652,7.0
3174,[63  6],18.324812956411282,10.0
3175,[69 50],7.0466886530503015,5.0
3176,[48 60],6.204325026151464,4.0
3177,[69 14],11.128440508742461,7.0
3178,[ 0 51],5.11612752783693,3.0
3180,[71 82],6.786950467701258,5.0
3181,[30 53],10.555346080016507,6.0
3182,[63 71],3.400773973163764,2.0
3183,[ 5 47],13.03674593569367,8.0
3185,[94 10],3.9239387120842606,3.0
3186,[41 34],10.728965349673782,8.0
3189,[15 54],8.880598525845853,5.0
3190,[67 84],8.644519199821477,8.0
3191,[78 21],6.77150687972346,5.0
3192,[21 45],4.981404222730307,4.0
3193,[70  3],5.231200256653482,3.0
3194,[97 25],3.139820168062863,2.0
3195,[10 74],7.777182940850876,6.0
3198,[62 22],15.882519609995983,10.0
3199,[75 40],8.564998798048283,7.0
3200,[37 39],3.899500300901744,2.0
3201,[62 12],3.786015819173481,2.0
3203,[12 76],13.344292744673556,8.0
3204,[74 82],6.117644302861872,4.0
3205,[97 76],8.255834789533457,5.0
3206,[22 15],10.610303304281674,7.0
3207,[26 55],15.084895532831661,10.0
3208,[42 35],9.879750227890998,6.0
3209,[32 54],3.057532869315603,2.0
3210,[42 82],11.070661058603342,6.0
3211,[67 86],3.281475299088414,2.0
3212,[ 3 33],3.2774674302694926,2.0
3213,[98 76],5.696576103169791,4.0
3214,[63 83],8.155828596739084,6.0
3215,[25 55],3.5483336992361663,2.0
3216,[ 7 93],15.813267697725621,10.0
3217,[44 63],4.541626071498239,2.0
3218,[23 91],10.134744877785392,7.0
3219,[ 7 44],3.617398252167546,2.0
3220,[62 61],9.262909659399394,6.0
3222,[38 34],13.42986493584912,10.0
3225,[73  1],4.8790796016922435,4.0
3226,[20 54],3.6780484754505043,3.0
3227,[72  4],3.1190693072654447,3.0
3228,[82  6],4.1573806338852926,3.0
3229,[52 45],6.1603164986395695,4.0
3232,[91 58],8.489835043985583,5.0
3233,[ 4 54],7.271362370463798,6.0
3236,[ 1 51],3.9165630514325067,3.0
3237,[48 45],6.889195719691043,4.0
3239,[70 77],3.7363690100256965,4.0
3240,[13 48],5.663411005713089,4.0
3241,[88 57],3.524492203274548,3.0
3242,[43 40],6.297201067060224,5.0
3243,[41 31],23.557352553769036,14.0
3244,[85 40],10.380173361946696,7.0
3245,[27 54],10.22835909844071,6.0
3246,[40 41],4.44964614786698,4.0
3247,[61  6],3.00455168600978,2.0
3249,[76  1],15.055181030451134,12.0
3251,[81 98],4.00088760880331,3.0
3252,[73 27],6.17433851560323,3.0
3253,[82 15],5.756129373416714,4.0
3254,[42 73],6.335246840422976,4.0
3255,[ 8 87],14.005264996812897,8.0
3256,[48 78],5.991585329898733,4.0
3257,[45 64],8.845390027008039,6.0
3258,[97 24],5.808412391409949,3.0
3259,[10 47],8.607264125528234,6.0
3260,[59 95],6.169371388408499,4.0
3261,[58 57],3.010958595221635,2.0
3264,[46 71],11.396686837890975,10.0
3269,[ 5 30],4.033462650466746,3.0
3270,[41 63],8.708163576299208,6.0
3271,[96 92],5.768480173579121,4.0
3272,[12 51],3.7229451957463073,2.0
3274,[ 7 47],10.756677485998056,8.0
3275,[63 54],5.818089219668243,4.0
3277,[69 22],3.315948702581575,2.0
3278,[14 54],4.118484539939536,3.0
3279,[83 18],3.3123249695818773,2.0
3283,[84  9],7.025331904044512,4.0
3284,[82 40],9.144455147777194,7.0
3287,[34 52],10.652480820382603,8.0
3289,[45 79],5.807323712353373,3.0
3290,[ 1 56],3.4596773047132765,2.0
3291,[ 7 63],3.013304099917857,2.0
3292,[78 28],6.919820537677982,5.0
3293,[ 8 78],14.715147562484432,10.0
3294,[78 27],5.966101378772716,5.0
3295,[51 93],6.303412260273845,4.0
3296,[20 51],7.496453267618295,5.0
3297,[41 64],3.411781983413101,2.0
3298,[ 1 60],3.1653608543149767,2.0
3299,[73  3],3.2123742247611338,2.0
3300,[ 0 56],10.758761634638281,7.0
3302,[25 46],7.929235548451851,6.0
3305,[26 98],9.590618969403423,6.0
3308,[76 88],4.334176167081763,3.0
3309,[ 0 87],3.154068428351393,2.0
3310,[69 40],6.326092553068101,3.0
3311,[94 97],7.246777572741998,5.0
3312,[47 92],5.089474406420959,4.0
3314,[51 91],5.344823208296799,4.0
3315,[23 15],3.6114322002248085,3.0
3318,[24 32],5.763559223728874,4.0
3319,[40 79],3.5964580925149403,3.0
3320,[84 28],4.537551891059304,3.0
3321,[10 78],4.006968900762425,2.0
3322,[12 75],3.435709473120295,2.0
3323,[31 48],3.3326854254738585,2.0
3324,[97  4],5.147274356477675,4.0
3327,[56 55],3.5077736061161624,2.0
3328,[63 69],9.958293185583775,6.0
3329,[96 94],7.852530481579665,6.0
3330,[53 79],5.565833031824747,6.0
3331,[82 20],7.832855411624426,4.0
3333,[25 86],3.6632902113729466,2.0
3334,[30 56],8.273538044334012,6.0
3335,[80 94],3.0788813388991487,2.0
3337,[74 26],5.413855230711169,4.0
3338,[83 82],6.307444677096795,3.0
3339,[41 33],5.433961689923444,4.0
3340,[97 42],3.6282373054142614,2.0
3341,[26 46],3.457635863271256,2.0
3342,[74  8],6.196484550215809,5.0
3343,[93 89],10.63816278496197,6.0
3344,[ 3 50],8.136697216893735,6.0
3345,[42 65],5.632147504482661,4.0
3346,[41 61],7.910608673085678,6.0
3348,[78 42],3.9693286322223145,3.0
3350,[36 46],6.8507843942309075,4.0
3353,[88 72],4.1784569626139625,3.0
3354,[67 70],6.885045304982189,4.0
3356,[63 46],7.294429031832478,5.0
3357,[68 52],4.448037198431084,3.0
3358,[64 22],6.327798910414152,4.0
3361,[74 23],7.254146978597363,4.0
3362,[85 96],8.968672588597705,5.0
3363,[ 7 42],3.1844153889586435,2.0
3364,[41 68],12.524901166641927,8.0
3365,[34 86],6.034277354249493,3.0
3367,[10 68],7.079095588170691,5.0
3369,[63 63],7.978213692525652,6.0
3372,[42 77],7.201417229419481,5.0
3373,[ 1 24],5.019674351678821,3.0
3374,[87 73],7.582500797006693,4.0
3375,[93 88],6.4870906735122364,4.0
3376,[26 52],4.0738320904542595,4.0
3377,[ 7 54],8.66671328285235,8.0
3379,[19 49],4.367032620030969,3.0
