,addr,scp
0,[92 95],13.561579324472477
5,[58 48],6.836987453356334
6,[28 46],5.319487035504654
7,[71 12],7.46359443238269
10,[63 22],5.432567607504355
13,[64 19],16.987299935443684
14,[63 50],3.429947394463916
15,[78 31],8.20323972425064
16,[48 74],7.310990511132748
17,[23 92],4.8313816180261036
19,[82 90],3.1645391307595307
20,[19 77],4.563842424357569
21,[94 23],6.85619005538825
23,[65 36],6.583891099385612
24,[46 34],3.354236106430695
26,[ 7 47],10.756677485998056
28,[59 58],4.030490659802517
29,[ 4 90],3.4546452906174228
32,[24 46],4.308981075140407
33,[ 6 31],3.248319975898197
36,[22 16],6.879172654824354
38,[38 30],9.600012507066777
39,[96 90],13.766199655819086
40,[32 32],3.793171235391644
41,[63  6],18.324812956411282
43,[68 48],8.681463065633588
47,[92  5],3.0905430361837327
50,[ 9 79],8.154243643289718
51,[15 52],3.963405824663734
53,[95 73],6.0516353302369446
54,[57 59],4.414451886334595
55,[22 99],8.251609479109426
56,[ 0 36],8.892560046522075
57,[98 76],5.696576103169791
60,[95 12],5.377091536429155
61,[36 54],10.631292494564061
64,[ 2 80],6.211973204980019
66,[99 11],6.043633598902367
68,[61 51],5.2088155048434945
69,[66 82],4.599741459577477
70,[58 94],3.9290236951821664
71,[ 0 68],4.3177680175724005
72,[99  4],3.2912513655257616
73,[11 80],6.407612837055768
74,[12 73],6.551214991633132
75,[ 8 77],14.99038782757076
76,[76 60],16.277254183604214
77,[93 39],10.645570998389935
78,[70 38],7.260658988614769
79,[78 13],5.062892772833353
81,[23 22],8.850746936374936
82,[55 93],9.360083702054029
84,[37 66],6.744862528036434
85,[17 49],5.285622882638759
86,[44 38],4.597020848334689
87,[26 47],11.30843154799525
88,[31 46],10.831649787351074
89,[14 77],6.756733005053737
90,[88 74],7.238748281791612
91,[68 14],3.317133165574406
95,[35 50],6.1440141271833655
96,[ 0 98],5.523547979453841
98,[92  4],10.158644484335879
99,[ 5 59],6.288876538457522
100,[81 16],4.5696134164873525
101,[73 31],3.5076047275462354
102,[60 50],5.929843857857916
103,[37 68],9.495529574349401
104,[ 5 55],10.596110062921674
105,[50 78],9.484067680091691
107,[23 11],5.930753104722581
108,[25 86],3.6632902113729466
110,[39 58],8.267125732015812
111,[56 56],6.238099024467282
112,[97 79],4.4431336912502
114,[61 53],8.133334179110102
116,[27 32],9.471786624619096
117,[65 85],4.29519351260207
121,[17 72],6.2516318180507415
122,[63 27],5.932625795267483
123,[ 6 48],9.183443952021818
124,[81 98],4.00088760880331
125,[61 73],5.335188222800626
127,[75 90],5.238090506098553
129,[96 24],3.303882260538593
130,[57 50],11.831286062668926
132,[ 2 55],6.660818828301404
133,[41 70],5.0195468345972065
136,[10 50],8.764062923858738
137,[92 60],11.292219674524446
138,[95 20],14.370469648758988
140,[77 23],10.592687761506342
141,[46 63],4.604383692335579
142,[ 7 48],5.1924585544457855
143,[71 11],5.5096098966570555
144,[78 26],3.202289116349909
145,[39 75],10.963268865616119
146,[24 91],6.7046142425836575
147,[27 33],5.320120151344366
150,[ 9 32],3.898798295983071
151,[12 76],13.344292744673556
156,[45 38],3.4550091450447966
157,[79 18],3.738835405548069
158,[31 98],10.169364450647924
161,[34 47],13.732546460494152
162,[60 97],6.1769073522028775
163,[71  5],5.2282646540226185
164,[60  1],3.430342564974475
165,[97 11],6.109274769927142
166,[76  3],5.85324176690556
169,[63 72],9.864892221852692
170,[99 13],8.170622466088314
171,[ 4 88],5.161825075720585
173,[10 38],9.587866347981983
175,[ 2 51],3.4329108282961496
178,[55 79],9.406111455067633
179,[16 83],6.247587169989568
180,[10 53],10.309652811430222
181,[56 81],6.2241195427844715
185,[ 7 78],15.327891352292987
186,[45 78],7.598709122311892
187,[59 99],3.791725551920633
188,[79  9],8.351624225165217
191,[63 62],3.0507338645476727
192,[15 76],8.338062080911598
193,[91 79],5.077309759444597
194,[12 80],9.589920996179986
195,[67 64],6.284579486829176
196,[39 64],7.9654802769554465
197,[19 79],5.999581972219499
198,[47 45],7.237460404380686
199,[26 98],9.590618969403423
200,[61 18],14.063011342456937
202,[68 65],3.974073309437609
203,[74 30],9.454760952427868
204,[66 35],3.503712397260654
205,[30 56],8.273538044334012
208,[ 0 94],3.053894812228403
209,[99 16],8.705838922973347
210,[98 74],3.819814194407889
212,[35 98],7.0314803381129405
213,[92 45],4.552084495518626
214,[96 78],6.81761242669893
216,[52 79],5.899254816931347
218,[ 1 73],7.8454127194245356
219,[28 49],3.4847791311274374
222,[10 43],3.2152691815202425
226,[72  4],3.1190693072654447
227,[98 34],3.0253281311863534
229,[67 61],5.030290583486937
230,[ 1 50],9.569308392792383
231,[77 29],4.520371401619155
233,[88 85],4.308293609277499
236,[59 84],8.74811154137649
237,[ 0 45],3.9020789478744837
240,[87 86],4.864581487734058
241,[38 76],11.368229751716225
242,[6 1],6.628752936949574
244,[94 32],4.375808036464422
246,[83 87],4.703719754894363
247,[75 39],6.525325180146484
248,[95  4],6.535650823366689
249,[ 7 76],3.5853951497082326
250,[50 79],8.158524450290427
251,[63 12],12.274356186813021
252,[21 57],12.46419669929892
253,[82 97],6.529691432891372
254,[83 23],6.687217623541213
255,[46 72],3.62452800325275
256,[47 79],8.795371727355418
257,[12 55],4.464498620876677
258,[25 55],3.5483336992361663
259,[ 2 82],18.040088177615896
261,[35 99],12.565852709660449
262,[76  8],4.584155163363215
265,[73  9],6.804209012870749
267,[38 34],13.42986493584912
268,[50 43],6.59443806752772
269,[82 20],7.832855411624426
270,[95 75],7.408857368447254
271,[ 8 49],11.620283581377382
272,[79 21],7.499335941254172
273,[21 77],4.6909128598662155
274,[70 45],5.305927837952849
275,[41 29],10.466635629436372
276,[46 32],6.7672199498303005
278,[18 55],3.52279347466624
280,[75 10],3.6453548355657994
282,[23 42],3.056783687576166
283,[13 46],3.3940040990747153
284,[ 6 83],4.342443629234342
288,[61 27],9.581942065165993
290,[78 14],7.25516486287933
291,[71 10],6.197109995604489
292,[30 53],10.555346080016507
293,[22  7],10.381154090717585
295,[82 88],3.7908282413423295
296,[62  8],3.418774722971561
298,[73  0],7.742536102076476
299,[43 59],6.808580165172863
300,[89 98],3.0252066470719994
301,[ 0 49],4.058030731853373
303,[23  5],7.608495229550721
305,[98 59],5.173434795647494
306,[62  3],9.01917688501572
307,[43 71],6.134337117718383
308,[75  9],3.464914534723378
310,[ 0 57],4.062187153751951
311,[68 37],3.9017543272862816
313,[76  9],7.538251223420934
314,[35 52],7.186050375141103
315,[58 56],11.693664522498867
316,[ 0 77],6.920000125253814
318,[10 90],7.769626679044246
319,[15 32],3.415584832767742
320,[ 1 92],3.5608269080035724
321,[27 49],15.24988436303743
324,[16 75],6.177095665888496
325,[93 14],3.3564015490320633
329,[63 15],4.921412050658223
330,[ 1 21],5.651786164684191
331,[79 97],4.607704148069141
332,[55 92],3.147964528056975
333,[37 31],9.40090562203095
334,[69 58],7.119659803133212
336,[59  1],6.705951311789417
337,[10 49],9.621087829545713
339,[ 1 86],8.157846869674147
340,[11 48],6.7861888364995036
341,[ 2 59],20.406235939626747
342,[92 97],6.259636747539446
345,[21 78],7.222669705949713
346,[52 78],4.941457402213724
347,[ 9 76],6.445500814359445
348,[58 54],10.779444549427296
349,[ 5 82],7.109117479530344
350,[18 49],16.687938010257565
351,[62 78],4.990556152540016
353,[70 71],5.302659552319186
354,[69 71],6.8157681599216975
355,[45 79],5.807323712353373
356,[86 78],6.918328750918309
357,[46 82],4.3839762122117865
358,[77 97],6.146539489136615
360,[45 77],10.59894297807067
361,[62 19],19.054281341720227
363,[84 98],5.328989348254144
364,[64 79],5.613213825964154
365,[16 74],7.60507385292459
366,[94 92],5.123694385080275
367,[22 48],4.3286170001004525
368,[18 79],3.8199550694071003
369,[70 78],3.8718661709245383
370,[11 86],5.2462938936032755
373,[52 73],16.107162291877234
374,[73  2],4.246813521977525
375,[92 41],12.114692250495779
378,[44 35],10.33692051479268
380,[98 93],5.234718771492888
381,[90 36],8.412264952965598
382,[42 67],5.9071036775181955
383,[40 37],13.111584227308844
384,[64 34],10.145918037106386
386,[84 22],3.0001382602660245
387,[ 8 54],3.7528014702119346
391,[57 49],14.52542552973225
392,[36 85],4.190103905192721
397,[62 13],8.137366193730097
398,[ 2 83],16.774701243949362
399,[95  6],5.215239163674099
400,[31 51],7.842710549384715
401,[37 73],9.226675868391506
404,[58 30],5.303074301467602
406,[83 21],10.584017490549192
407,[70 26],5.201824144718306
408,[75 42],5.57998499172025
409,[33 51],10.097011543336919
411,[37 40],6.203127915558477
412,[36 93],5.730423981748268
414,[85 96],8.968672588597705
415,[ 3 53],4.09114935563036
416,[10 76],7.427035300429633
417,[80  6],6.679352976477191
418,[42 35],9.879750227890998
419,[ 9 47],6.053417057609636
420,[62 72],3.721170975185121
421,[17 81],3.1548868647792605
422,[49 87],4.123436317795659
424,[85 90],4.009134794590716
425,[21 58],3.711470301777167
426,[92 76],4.707386640041275
427,[ 0 56],10.758761634638281
433,[68 36],6.615114243871755
434,[25 49],9.700312791412001
435,[84  9],7.025331904044512
436,[94 45],4.890062569715118
438,[21 62],4.285169372737259
439,[42 76],4.484260935021687
440,[87 79],3.3873566799671755
441,[72  2],15.906798047878558
443,[78 24],5.957865433207878
445,[83 39],8.590524925318874
446,[61 77],11.305434192368697
447,[28 93],3.529487580057295
448,[93 90],10.744003032251092
449,[96 92],5.768480173579121
450,[ 8 79],6.839025982002247
451,[99 44],5.251990868397621
452,[17 80],3.6058900781504923
453,[70 18],4.357218007669534
457,[51 77],6.213542063425583
458,[44 42],4.377296804582353
459,[ 0 59],3.454230191922222
460,[59 49],6.715075398093339
461,[78  5],7.497347187019475
462,[40 86],6.211539857359785
463,[24 54],3.1613248385721753
465,[62 18],5.53471406838311
466,[71 25],6.618687951563255
467,[12 47],9.167315549676932
470,[40 57],5.758998365627218
471,[23 39],5.7155779474132204
473,[63 53],10.997149070277516
474,[48 79],12.758200224301962
475,[ 0 44],4.687409603420345
476,[ 7 56],9.361038913149363
477,[96 44],6.440067595638014
479,[13 79],11.922680003801691
481,[59 48],4.2941056229332695
482,[13 48],5.663411005713089
483,[10 73],8.667370386621355
485,[40 76],3.4190832788197483
486,[24 49],5.260657152673904
487,[92  7],3.615659021125929
489,[56 53],9.493805388051369
491,[10 70],3.244343224965882
492,[46 78],3.2403553890712313
495,[36 52],9.651625806952284
498,[95 94],8.469406263216545
500,[58 85],7.995472483862996
501,[11 75],3.4624798936018037
502,[59 50],6.646668835354371
503,[85  5],5.695547940866821
504,[31 53],12.026852688135605
506,[39 85],4.2005595743405335
508,[85 15],9.343856230822018
509,[60  2],3.16158727420952
511,[29 47],12.069706496142617
512,[63 16],11.635526054886697
513,[17 51],4.20968597552816
514,[ 7 41],4.982619781424507
515,[62 75],5.308900702570011
518,[72 12],4.586114101911578
519,[10 61],7.850354824280677
523,[24 12],8.045752117144154
525,[81 30],9.079564315076285
528,[62 73],3.9191649730872373
529,[79 99],4.075377859179741
530,[ 7 71],6.850476963989241
531,[57 46],7.506211808576655
532,[95 72],5.458126079489784
533,[39 79],8.799653606036276
534,[57 95],12.993022519032948
535,[1 2],3.3260481551428347
536,[55 91],7.660235821501311
537,[68 16],3.4097247038163196
538,[14 32],5.845594683044222
539,[ 9 61],6.684261183489967
540,[0 7],8.831349468363484
541,[61 15],7.693386610299264
544,[28 99],5.445536112386227
545,[96 39],5.606305356538411
547,[47 92],5.089474406420959
548,[13 85],7.749708438056526
551,[ 9 41],7.375763856280363
552,[63 69],9.958293185583775
554,[49 72],18.581814084364986
555,[96 94],7.852530481579665
557,[34 46],10.20025390788821
558,[31 54],9.077405891854145
560,[73 18],9.97927708865506
561,[61 61],4.266503981392535
563,[32 53],10.575764697466841
564,[36 55],7.480620643831882
568,[70 46],8.864797375475417
569,[95 41],3.0276712902624734
571,[97 91],9.772137002981562
573,[13 32],6.923908733451313
574,[42 39],6.4673342531671665
575,[14 53],4.028776526759844
576,[39 72],5.240186477057808
577,[88 99],9.180266916929291
579,[46 65],8.602634182134228
580,[49 73],3.1622816675996184
581,[63 10],6.834663851615851
584,[ 8 40],10.20046382925086
586,[54 45],23.742473321594716
588,[ 1 44],3.764934926874261
589,[96  6],3.2864107889314615
590,[50 44],6.762226130989874
592,[32 86],3.4723416494646555
597,[79 24],9.507052457463157
598,[38 85],3.00676498797359
601,[46 29],15.008862266027117
602,[44 31],15.043960949065884
603,[73 27],6.17433851560323
604,[70 50],9.593326223340767
605,[24  8],6.7801584467403
606,[ 2 34],12.926026801107817
607,[84 88],7.8658664561420775
608,[2 2],6.794484916127094
609,[77 92],3.213085976107859
611,[41 72],3.1447827873581615
612,[46 76],9.41401365713149
614,[ 6 95],3.8588831403999784
615,[68 42],6.147409962936039
616,[19 85],4.020925172241418
617,[30 51],14.151742456318313
618,[94 41],3.383590019735335
619,[40 67],4.5605615720660415
620,[38 39],10.158339746072848
621,[61 79],14.057981103725677
622,[79 29],7.540711393350561
623,[49 78],5.864710576613675
626,[ 6 89],3.2251602086025732
627,[45 72],3.4107707896081214
629,[73 15],7.392999191424445
630,[46 37],10.29034361446114
631,[19 76],10.822355630057206
632,[64 71],3.55521449925263
633,[68  8],6.441016067543638
634,[97 24],5.808412391409949
635,[30 46],16.587848951992783
636,[97 43],3.555771555699255
638,[81 24],5.46647825742277
639,[54 75],5.588876085339717
641,[15 33],7.832296665546761
642,[15 55],4.615689547275553
643,[58 98],6.527492567796341
644,[34 52],10.652480820382603
645,[69 76],4.019373877659914
646,[ 5 33],4.118630970986951
647,[42 37],3.5430246916881165
649,[89 37],6.836369206687317
650,[75  0],4.256085482786757
652,[61 69],5.391275630620344
653,[68 27],5.58089927642275
654,[ 8 75],12.72231014279043
655,[94 88],11.886877930542274
656,[45 71],6.317967596500123
658,[ 2 95],8.963788665600887
659,[99 70],8.608869513414287
660,[87 75],7.717540285723978
661,[78 27],5.966101378772716
662,[45 73],6.715835662036257
664,[61 59],4.314366357486137
665,[92 42],6.027667152702225
666,[64 11],12.03299538712135
667,[ 1 63],4.913137265470056
670,[ 2 94],8.93980282593889
671,[39 66],6.27419695528052
672,[77  4],6.352648082662871
673,[15 83],7.503119549151334
674,[10 79],6.458189278977782
675,[90 34],6.556940792196158
677,[45 70],8.06418649212541
678,[84  7],12.216829329029451
680,[96 96],5.188655049231713
681,[41 61],7.910608673085678
682,[34 49],9.283143592845061
683,[94 39],8.47841717873705
686,[76 22],8.3705907339865
687,[55 73],13.644652784568748
688,[83 24],5.2379939613336015
689,[76 10],8.769581111127774
692,[29 82],6.549906450100993
693,[85 17],3.586120049116322
694,[ 4 56],17.907705027081576
695,[46 68],16.95586118062678
696,[77  0],15.449808153682856
697,[49 75],4.873039188835457
698,[69 93],9.524540315660698
700,[72  8],7.314792393722893
701,[21 44],8.935617681567809
705,[ 4 49],3.527092609644525
706,[21 95],7.0388139471972115
707,[79 28],7.647133983749237
708,[76 97],4.753182140245189
709,[23 18],4.014798199985282
710,[ 7 54],8.66671328285235
711,[50 75],7.0788050157328355
712,[ 8 65],3.5975384056418056
714,[65 96],9.53382808110821
715,[ 8 74],8.499331698473144
716,[37 35],9.612553013167535
719,[30 55],5.2568770635148425
720,[70 10],3.2931879206296215
721,[80 18],6.866558385478484
722,[31 86],3.3246896539165904
723,[43 72],3.9159119263206823
724,[54 74],5.088419662013312
725,[12 78],6.604407220541009
727,[57 55],13.709261955789902
729,[ 0 78],3.2824467308571177
730,[ 9 98],4.270168655100652
732,[94  2],3.1851453948115216
736,[18 75],9.235631486406048
742,[38 38],5.959985879043162
743,[74 28],9.370915499083974
744,[69 54],5.418591310097545
745,[62 35],8.841152987334649
746,[ 5 97],3.4932803392234284
747,[17 46],5.236104819175422
748,[40 29],7.420672632765063
750,[79 20],4.1978051445439934
751,[55 45],11.70372214121272
752,[74  2],5.008042752111438
754,[24 24],4.536513429979656
756,[ 2 97],5.807937577076953
757,[80 28],5.401105782026947
758,[78  9],3.585386905262035
759,[55 30],4.031697961725985
760,[41 31],23.557352553769036
761,[71  1],12.439526780024305
762,[41 34],10.728965349673782
763,[25 47],4.907526180956666
764,[39 62],5.385776452589283
766,[ 1 35],3.1543119694588704
767,[85 88],3.5075191378059833
768,[50 31],9.393620572619817
769,[39 61],17.36833657620851
770,[30 49],12.96319487713934
771,[72 40],3.2513294421046175
772,[63 52],6.56273869435014
775,[76 16],5.087032296735625
776,[54 76],10.963650804360794
779,[32 54],3.057532869315603
781,[98 38],8.563487365827307
782,[63 79],6.819172353312765
783,[29 99],8.789129756476239
784,[69 45],7.909530447983472
786,[ 5 95],6.570952245766694
788,[78  1],6.46480475604879
789,[64  7],20.639796066222058
790,[ 2 39],9.890866671647947
792,[93 11],13.700876452151226
793,[ 3 83],3.2542944004641994
794,[70  3],5.231200256653482
795,[77 91],3.800450155515568
797,[72 21],7.471555702958158
799,[21 97],4.0845830866635175
800,[77 94],3.939223428536859
802,[71 16],12.174988724662915
803,[67 30],3.253300382971771
804,[93 88],6.4870906735122364
805,[39 82],6.370466169734422
806,[94 38],6.454103952728152
807,[85  6],6.7521645397327035
808,[44 62],14.883746556582196
809,[75 22],4.55024932917554
810,[ 0 58],7.849769130765748
813,[85 98],3.2452390341979767
814,[24 18],6.070536883634663
815,[69 72],3.5384622337115816
816,[14 52],6.523387715433531
817,[45 35],13.38766605340152
818,[38 64],8.802992343257165
819,[98 73],4.410352677317764
820,[54 77],18.45410178425433
822,[92 43],5.930169971771942
823,[61 11],7.9616419154811915
824,[41 32],22.30599274959061
825,[70 13],3.330754596681595
826,[ 5 87],7.149730721672926
827,[ 1 41],8.987056481471004
831,[95 92],7.257675663491365
833,[61 46],6.597865469601956
834,[82 42],5.94099976376226
838,[37 61],7.112821199680676
839,[63 75],7.746959210599066
840,[78 28],6.919820537677982
841,[ 4 92],6.262985031500003
845,[21 43],17.08761575214205
846,[42 41],4.1719167806442865
847,[62 77],8.03758077874761
848,[77 20],4.024661391990522
849,[46 64],5.156211379557672
851,[99 15],3.14833525810875
852,[37 63],12.33955369411055
855,[64 78],3.0944823277089686
857,[43 64],8.727147719085831
858,[65 84],4.002079043938274
861,[61 14],10.080372266772459
862,[41 63],8.708163576299208
863,[23 21],6.689889475920112
865,[ 0 42],4.088370135609094
866,[ 8 34],3.7281994844174475
867,[26 32],4.66979831882715
868,[ 8 93],4.809954296043021
869,[32 48],8.626966138297066
871,[ 0 89],3.952304796882393
872,[77 17],6.633739386421647
874,[22 27],8.21626914408708
877,[53 79],5.565833031824747
880,[11 84],5.76559632580236
881,[85  1],3.109793281069954
883,[ 8 91],6.5909095491584875
884,[62 24],13.296605299247899
885,[53 45],3.5969891067086417
886,[74 16],3.186354837733515
887,[45 66],15.967201093325544
888,[50 93],10.763883297194347
889,[57 36],5.87848715933786
890,[ 1 17],14.997653364805986
891,[74 42],6.193371854393904
892,[60 96],6.493887578334511
894,[ 6 29],7.5409600948443
895,[ 2 96],12.759790334706675
896,[82  0],8.41217687635634
897,[69 41],6.013654415196851
898,[57 94],3.0698922522768735
900,[76  0],3.0585279345954075
903,[61 24],9.067717353644781
904,[32 98],13.483250252571995
906,[57 97],4.862586440897015
908,[13 81],3.628214325972339
909,[53 76],9.499413718040142
911,[64  9],5.779798527308937
913,[59 29],3.989890377953951
914,[77 22],4.652565355840903
915,[82 28],3.4451912354748755
918,[99  6],5.489103450958012
919,[83  7],5.243935830209029
920,[43 34],9.882279442169192
923,[ 8 87],14.005264996812897
924,[64  6],8.089397824818889
925,[51 75],10.105499799041077
927,[55 75],3.266405886817033
928,[23 12],3.6125953911734
929,[40 31],9.932438281433162
931,[54 44],6.622624587703346
932,[73  5],9.252458427158663
933,[45 61],5.794999102231067
935,[65 97],4.869228531214982
936,[25 54],3.5139132248441656
937,[69 46],14.327756995120367
938,[94  8],4.1382689651859605
939,[83 18],3.3123249695818773
940,[70 28],4.1310962391504935
941,[91 60],11.412754662460323
942,[3 2],5.900722058008107
943,[88 37],3.4298389162013945
945,[63 19],6.20294269552625
947,[45 69],8.72670723549287
948,[57 84],6.342994310169487
949,[92 75],3.856244446265122
950,[97 42],3.6282373054142614
951,[ 1 71],3.8668730868811485
952,[68 66],3.814419073591852
953,[44 57],5.5011405506565945
954,[10 89],8.608417176842174
956,[81 60],4.617742327087926
957,[ 9 54],4.044428828230924
959,[63 11],11.39137154265344
960,[42 42],3.286531604551091
961,[ 0 41],3.579313051404836
962,[42 77],7.201417229419481
963,[ 2 35],25.10242968388675
965,[62 28],6.637938242774148
967,[87 37],4.706425215640947
968,[46 79],6.421259726348025
969,[22 17],6.344575566372445
972,[86 98],8.033515355537878
973,[85  8],3.223649898843229
974,[ 9 78],7.5417020834178174
976,[14 81],4.435940686920604
977,[47 73],3.642101712779457
978,[97 74],4.817744400931685
979,[69 11],3.948884594522224
981,[91 37],3.862362895828197
982,[93 10],5.532318730094271
984,[72 95],3.551801761669436
986,[61 12],15.77236395121886
987,[79 39],7.831335887928513
988,[61 13],10.888311226673709
989,[94 10],3.9239387120842606
990,[38 72],3.6907464012963347
991,[ 7 52],6.0566503528150974
992,[87 36],6.361470776960068
993,[ 4 53],4.6190155511389985
994,[23 88],3.091601188002884
996,[74 96],5.335905350175287
997,[49 90],8.816027076018385
999,[38 73],5.129720272194048
1002,[42 62],14.558360634585009
1003,[33 52],11.275053910849337
1004,[59 30],5.377925589666986
1005,[41 33],5.433961689923444
1006,[24 87],9.610339010708902
1007,[55 87],4.379743138388273
1008,[22  3],3.5979818329528754
1009,[83 95],4.119154830050698
1012,[37 42],5.459738165441835
1013,[77 26],9.342127314155505
1014,[57 58],5.03577643661318
1019,[10 32],4.055704878725818
1020,[32 50],13.24173870809744
1021,[61 26],14.324405156241149
1023,[27 51],3.4823439621957757
1024,[76 18],17.67259522954752
1025,[69 77],6.681166130992403
1026,[80  2],3.330060431279624
1028,[24 51],4.758251707616387
1029,[ 5 83],3.1535190740443153
1030,[39 35],5.680446508832693
1031,[ 9 82],4.719206267663929
1033,[87 73],7.582500797006693
1034,[73 88],3.3465989701126593
1035,[67 86],3.281475299088414
1036,[69  9],3.088250218136902
1037,[96 10],3.887088008351851
1038,[60 54],18.510572189188736
1040,[58 81],5.185590147038411
1041,[14 85],6.32788581227319
1042,[85 23],4.382625134824451
1043,[20 77],9.721400545152319
1046,[95 43],4.912084898693264
1047,[30 84],9.251341076927726
1049,[ 4 83],8.060798887252275
1050,[24 43],4.374514190250457
1051,[78 10],3.8135568140068568
1052,[86 85],4.666159363180695
1055,[93 93],11.180873687857995
1056,[ 2 56],5.416196550694552
1059,[98 79],4.266721221975699
1060,[ 7 51],11.648931686962564
1061,[93 97],3.3285129449426103
1062,[17 86],6.379807295785792
1063,[23  4],4.01088062199827
1064,[63 21],5.943461039431197
1065,[61  8],14.511434165822795
1066,[56 50],9.551621826587782
1067,[36 98],9.616875105999409
1068,[73 26],4.919412894905843
1071,[81 18],10.07923649630257
1072,[60  0],5.85802424459475
1073,[78  6],5.9011625952023
1074,[ 9 44],9.898091169823362
1075,[49 92],3.5557479004862036
1076,[76 90],4.922859910249018
1077,[76 25],4.185544706655865
1078,[77  2],3.0272013833196953
1079,[87 72],8.770105825512744
1080,[84 27],3.8502374619729753
1081,[58 57],3.010958595221635
1082,[ 9 68],4.044938306966845
1083,[72 18],4.38114751291643
1084,[83  2],7.1595134864626955
1085,[ 1 95],9.2418111584688
1086,[74  4],7.588400348259453
1087,[42 68],3.3006559884817577
1088,[68  1],6.915002888276847
1089,[26 52],4.0738320904542595
1090,[86 84],8.016027106877479
1091,[36 32],5.536766174265905
1092,[51 43],7.668713957105242
1093,[63 83],8.155828596739084
1095,[63 46],7.294429031832478
1096,[72 16],8.143593544725917
1098,[88 78],4.293623792309994
1101,[63 13],4.8403469728108846
1102,[92 96],10.874392483430999
1104,[ 6 47],11.738104578725064
1105,[84 10],3.899359616844282
1106,[17 76],9.081625438069981
1107,[69 18],3.965477531928947
1109,[68 40],5.9832193059840035
1111,[61 17],8.954442888442678
1112,[61 49],3.7342366278332015
1113,[41 76],10.271676356860274
1115,[ 1 51],3.9165630514325067
1117,[ 8 42],5.723536872170804
1118,[68 73],6.680745059985369
1120,[80 23],4.4696563911620135
1121,[34 84],11.192407255906458
1123,[69 62],5.207655005921934
1124,[91 82],3.7795976682009282
1125,[22 15],10.610303304281674
1126,[ 3 89],10.988892509311754
1127,[60 95],5.001873972999337
1129,[ 1 27],6.639336178853006
1130,[ 1 56],3.4596773047132765
1131,[99 41],10.360040377074306
1132,[25 53],7.004488336191886
1133,[ 7 63],3.013304099917857
1135,[44 79],8.943063338073475
1136,[52 75],7.807672323058837
1138,[88 72],4.1784569626139625
1140,[ 7 50],5.229962755600429
1141,[43 36],16.069446994837396
1142,[ 1 40],4.0475150874812975
1145,[99 39],3.8233473813713754
1146,[19 73],4.143493624066573
1147,[62 83],5.147922245155941
1148,[36 53],7.240287548391891
1150,[37 39],3.899500300901744
1152,[36 99],8.840614557017771
1153,[74 98],6.097395723979404
1154,[ 7 32],7.72795967256525
1155,[14 51],9.55839916056017
1156,[44 29],6.376375360211858
1159,[98 72],3.3195047907436255
1162,[39 59],5.118364249345909
1163,[61 64],5.93420195744074
1164,[64 52],4.286239232374991
1165,[61 70],7.327578394443822
1166,[67 31],9.113762537612676
1167,[4 2],6.936177437815917
1168,[20 81],9.643381964420433
1169,[65 29],3.0861752384936976
1171,[62  7],20.28096614058244
1172,[27 53],3.643875910422399
1173,[4 1],6.778378391334136
1175,[53 72],5.852130656241146
1176,[82  3],8.79649175694946
1177,[87 77],3.7429682111751275
1178,[44 39],5.990918690289651
1179,[64  8],9.704279173373655
1180,[74 88],6.257051446566729
1181,[69 40],6.326092553068101
1182,[17 78],4.849310607912467
1183,[83 96],3.9392115562518244
1186,[64 50],3.215525697048066
1188,[85 40],10.380173361946696
1189,[ 5 53],14.314942225735106
1190,[67 46],7.081344202887826
1191,[55 90],5.9503854780058285
1192,[22  5],3.014483313328613
1193,[92 87],6.348938880994772
1196,[5 2],7.418013856712304
1197,[46 69],13.54391837750412
1198,[70 79],6.692029303790409
1199,[76 39],9.916885730700855
1200,[11 79],3.042866956662058
1201,[46 73],3.4994743451523362
1204,[49 79],17.073945873590425
1205,[87 57],7.341186619768245
1206,[79 98],10.659875261373651
1208,[ 1 87],8.684870688597
1209,[64 56],5.598846848971576
1211,[85  3],5.372520122117687
1212,[77 88],4.078986163640721
1213,[82 25],4.693752793434656
1214,[80  5],4.491098331650358
1215,[59  0],6.446485223532364
1216,[ 1 57],7.226885396581505
1218,[38 70],19.210373931190418
1219,[80 24],4.936636441733907
1220,[93 73],4.228658967007929
1221,[24 50],6.996374459393786
1225,[78 98],8.672765789669452
1226,[81 10],3.8026324077445666
1227,[64 22],6.327798910414152
1228,[23 41],6.389114980261432
1230,[71 96],5.618769715222487
1231,[24 22],9.909129281727386
1232,[0 2],7.3695022918816555
1233,[64 59],7.766470397200296
1234,[ 5 94],7.6858400731641225
1236,[94 33],6.956555034904023
1237,[80 19],4.25532260149128
1239,[45 75],3.526535495166233
1243,[58 53],7.972032829423508
1244,[95 22],12.777568910091375
1246,[16 84],3.271776213579585
1248,[74 82],6.117644302861872
1249,[86 82],6.4862191794396
1250,[77  1],3.8423532516739116
1251,[92 89],11.147798386947667
1252,[74  5],4.36515152003584
1253,[40 35],8.612712777028301
1255,[45 67],11.377069758813256
1256,[61 19],13.505727446545803
1258,[69 68],5.545928937511225
1259,[72 13],5.057938253068552
1260,[70 93],7.229397730289815
1262,[24  6],4.186611089801613
1266,[ 9 70],3.750177050978655
1269,[ 9 45],17.362650143197765
1270,[54 73],17.310441291268063
1272,[ 1 66],7.924563586704392
1273,[75 19],3.085690000889835
1274,[83 91],7.325746943769709
1275,[46 71],11.396686837890975
1276,[69 79],3.444895810112179
1277,[ 1 37],3.797224202803198
1278,[ 0 15],8.553905774480294
1279,[96 95],7.975280465181312
1282,[62 12],3.786015819173481
1284,[60 86],10.504324849588713
1285,[ 6 33],7.171118460652653
1286,[91 58],8.489835043985583
1287,[51 83],4.554204483693347
1288,[39 37],9.575561157243916
1289,[71 39],7.6988445001374215
1290,[23 24],4.560845974635167
1291,[ 7 39],6.3564457801868475
1292,[ 8 66],3.440143504555496
1293,[15 74],4.824771912175011
1294,[78 96],14.175113151602357
1297,[69 55],3.4172168548687343
1299,[95 32],9.06940292595402
1300,[16 33],4.626654556710457
1301,[49 43],12.562184237748886
1303,[ 9 43],7.107736376163204
1304,[76 89],11.891135359060996
1309,[81 91],4.869167754815333
1310,[99 67],8.129184152880143
1311,[77 31],9.00236670056141
1312,[96 16],6.341684645773155
1314,[98 65],3.7504051438291306
1315,[26 85],3.4961071877143803
1316,[ 6 53],7.126723686642919
1317,[55 83],3.4647474605740847
1318,[71 40],6.682577332849784
1321,[99 40],8.609129615102352
1322,[ 4 46],13.16257280614292
1323,[69 10],6.856122647632765
1324,[58 46],6.560918478747897
1325,[10 78],4.006968900762425
1326,[73 25],3.965162620661191
1327,[83 10],4.267407473898308
1329,[24  3],5.566869540834228
1330,[ 9 87],4.0764381629160304
1331,[39 84],4.15156581057391
1332,[72  9],4.058139910654667
1333,[68  7],4.157524447813822
1335,[67 83],4.16909033659719
1338,[63 59],5.629583067543692
1339,[73  3],3.2123742247611338
1341,[27 84],6.401835825267719
1343,[ 8 45],3.016590984335643
1344,[33 46],10.103364968280868
1346,[72 41],11.200032355461907
1348,[58 99],3.2901713977163283
1351,[76 14],7.215606256277453
1352,[38 84],5.788122971994024
1353,[40 79],3.5964580925149403
1355,[ 6 97],4.479916597877034
1356,[75 41],3.865915695214323
1357,[60 36],3.269786099834298
1358,[ 8 88],3.2411804541194806
1359,[23 44],4.25785646595891
1361,[69 22],3.315948702581575
1363,[44 61],3.4448424089730354
1364,[33 53],16.393130150291274
1365,[27 98],12.611183392202296
1366,[25 99],7.176774975458829
1367,[57  0],4.753948735573357
1368,[24  7],3.7160876895210846
1369,[ 3 52],8.091108260735284
1370,[15 54],8.880598525845853
1371,[ 4 55],12.17582237947721
1372,[99 74],4.612480447641431
1378,[92 26],4.2888008708450425
1379,[65 86],13.876285271771058
1380,[ 5 91],6.413647476839975
1381,[43 66],14.633877833278401
1382,[68 15],4.300631447353489
1383,[77  5],4.510740969890648
1384,[66 95],9.554829813173713
1385,[76 20],4.793274359486016
1387,[46 84],4.066869051730893
1393,[86 79],3.4226027491514457
1394,[23 43],3.1786278919417836
1395,[59 53],3.2390963214469366
1397,[21 81],5.350476290207554
1398,[64 93],7.222821851237049
1399,[ 1 59],9.176291541605433
1400,[78 20],5.7055986139329296
1401,[23 82],4.655304765275879
1402,[67 81],3.0250900771890485
1405,[54 78],5.656070883265379
1406,[ 0 92],4.030333082533122
1407,[81  4],6.99399512115234
1408,[45 76],7.075704436557389
1409,[ 1 46],6.3701490148748885
1410,[25 50],13.696578191051492
1412,[96 74],7.8047753918906775
1413,[90 82],7.319471331220166
1414,[13 77],5.855430293373712
1415,[63 63],7.978213692525652
1417,[63 32],4.037757085694134
1418,[ 8 39],6.040154141583268
1419,[52 87],4.968364450859188
1420,[ 4 89],16.204253048233948
1424,[21 63],3.9796723725000476
1425,[46 33],3.2728081286413806
1427,[80 60],11.284287279512304
1428,[ 1 55],6.153997411885943
1429,[13 86],9.276285230352322
1430,[58 55],4.682207740764223
1432,[12 32],6.035987609533255
1433,[53 30],3.6860951391853094
1434,[36 51],6.011034715638753
1435,[76  4],7.678964491887289
1436,[59 86],7.751428807710105
1437,[21 66],5.701197827452255
1439,[95 25],7.503735704591016
1440,[ 0 26],5.580351720709297
1442,[36 48],22.523588303654495
1443,[73 98],8.781794723862541
1446,[29 50],6.052831728549498
1448,[97 28],7.443779895974313
1450,[ 3 32],6.2844168323138385
1452,[ 9 38],6.155873703666485
1455,[ 1 14],7.75536556856527
1456,[95 77],3.950398365598451
1457,[64 16],15.34477180512656
1459,[38 31],3.8314267822185375
1460,[68 45],3.2676976833644984
1461,[56 85],8.40552400003963
1462,[39 36],11.065797650436647
1463,[74 25],6.317401909545419
1464,[78 29],4.5416616507292265
1465,[30 54],3.110512735252642
1468,[33 56],9.565557197466603
1469,[98 57],8.757891316757838
1470,[51 44],3.878651010036238
1471,[62  4],6.513342486109507
1472,[57 51],4.627210527173919
1473,[94  5],3.382324160543593
1474,[91 34],4.953794947495976
1475,[ 7 75],5.796649655037265
1477,[87 60],5.581647312014672
1478,[ 9 55],6.3549665798293535
1483,[38 69],6.549253210736696
1484,[41 69],3.445661717070297
1485,[ 1 61],7.972247197416336
1487,[92 77],4.772232385811566
1488,[80 40],6.9171588316882655
1491,[15 49],4.891238878453417
1492,[20 86],4.5445617518159365
1493,[63 33],3.1040410920238317
1494,[73 82],8.493683314692209
1496,[19 48],7.3323105146412475
1497,[56 59],6.870192555711608
1498,[70 25],4.717600870781726
1499,[84 99],4.755000347573398
1500,[19 47],6.301031162973651
1501,[96 33],5.065573960711643
1502,[91 75],9.976391102007602
1503,[32 47],11.72748335591315
1504,[ 9 37],15.561946199579433
1505,[38 86],3.4646882752830566
1507,[98 68],5.2047600133113985
1508,[94 93],4.937801144754669
1509,[40 70],11.080274825733184
1510,[ 1 75],5.013758879357983
1511,[0 8],12.367659574054837
1512,[ 8 72],3.4705140024020125
1513,[ 9 91],11.023325451042043
1517,[ 1 79],9.162388512395735
1518,[80 96],5.538292499940823
1519,[40 33],6.4888797619010585
1521,[29 54],9.932885195982227
1522,[70  5],3.941508999772492
1523,[43 76],8.921323872363864
1524,[24 55],4.224166415237717
1525,[68 43],6.621328147498536
1526,[39 33],14.18024419947042
1527,[62 55],6.075175022609849
1528,[67 67],6.300878143841686
1529,[11 33],20.418065495705974
1530,[77  3],6.839848988978789
1531,[33 98],8.608356882529847
1532,[78  2],6.527316768653158
1533,[96 17],6.432878432491628
1534,[86 34],10.0775460255981
1535,[22 11],4.556026973448746
1536,[62 27],4.568083192537722
1537,[41 64],3.411781983413101
1538,[23 55],5.0352523867546966
1542,[18 54],4.962206429305815
1543,[57 86],14.473365253202022
1544,[62 79],3.4306771276282957
1546,[62 58],10.661820632444915
1547,[90 72],5.720555240499012
1552,[12 79],10.385299072307944
1553,[81 29],4.8540479206127305
1554,[43 68],3.6869767701051064
1556,[95 33],3.5004419261716624
1558,[10 35],3.1102541079988537
1559,[10 91],6.702423929511696
1560,[95 87],3.1422149516729414
1561,[41 68],12.524901166641927
1563,[ 4 94],8.319494271721926
1566,[49 89],3.2413534674890885
1567,[86 36],8.09078334079608
1568,[58 36],3.6047830284550617
1569,[35 84],6.188848177395674
1572,[47 75],5.983210959224064
1573,[35 46],4.0654960870201435
1575,[35 33],4.763687456687283
1576,[27 52],12.301499250954084
1577,[43 78],9.866938483709347
1578,[ 9 89],13.087653137153918
1579,[72 29],4.0586282841479715
1580,[21 72],3.713663443036544
1583,[79  7],3.6132524288470025
1584,[22 25],3.256624651832948
1586,[71 31],5.143628487824546
1588,[45 30],12.925231823340923
1589,[22 43],8.914407593228983
1590,[91 84],3.0112430228804787
1591,[92 88],7.072125068977451
1592,[16 32],14.265174357104286
1593,[94 87],6.2375998301907
1594,[41 37],5.637294753379336
1595,[13 47],6.208762267922825
1596,[80 21],14.751520970917147
1598,[84 60],5.9798087737019
1600,[39 32],9.43245532214531
1601,[54 72],3.3462388743218776
1602,[16 47],5.017216812339193
1605,[57 52],3.9849696599500035
1606,[35 85],6.004390999291166
1607,[56 99],10.72232630095266
1611,[44 65],7.9692803998127
1613,[43 58],6.839900024960158
1615,[64 49],4.648938346137484
1617,[ 1 62],3.036901514716199
1618,[ 0 84],3.5272119179032466
1619,[99 25],6.096117603831266
1620,[79 11],5.399492121753576
1621,[84 13],3.2209212576497217
1623,[69 23],11.898999716392634
1624,[21  0],3.002642345929315
1625,[ 9 74],10.688959615871875
1626,[77 16],4.5719482524249955
1628,[10 34],4.929391327782611
1631,[99 12],8.556996416550474
1632,[96 41],3.280464449388772
1633,[79 91],3.0971175589055333
1634,[18 47],12.86744274726731
1636,[86 72],5.409931240341651
1637,[88 36],5.881465994362504
1638,[ 2 57],3.1188208998389726
1640,[ 3 59],5.561348261472812
1641,[92 91],6.066821045373049
1642,[ 7 55],19.332857728957535
1643,[81 38],4.070186213800929
1645,[78 99],6.633846862741295
1646,[74 13],3.9978281087791503
1647,[59 36],5.390338319345552
1649,[38 57],5.845748399829226
1650,[21 61],10.584056168273925
1651,[68 52],4.448037198431084
1653,[52 89],3.3824168128002103
1654,[ 4 52],13.338829100822306
1655,[33 49],12.156533890519409
1656,[77 12],3.8003284541523836
1658,[64 77],3.101937302902524
1659,[78 60],13.753609061861995
1660,[ 0 38],7.519091340782668
1663,[36 50],9.640889804476046
1664,[ 6 55],13.071856810544851
1666,[72  7],4.794455753195749
1668,[70 77],3.7363690100256965
1669,[73 16],5.3851348500887815
1671,[84 14],7.14158975870651
1672,[56  1],3.7586152855537796
1673,[16 46],7.726949403298158
1674,[97 90],6.535769800630191
1675,[38 29],20.92617856515985
1678,[43 42],7.175839781152893
1680,[74 41],5.2245782513397
1681,[39 67],3.0122697050493894
1682,[77 98],7.134773260037395
1683,[34 53],15.028506113192442
1684,[93  6],3.2487488415319037
1685,[17 85],10.446661098785288
1686,[21 59],17.185265676738492
1687,[62 63],5.933060174601259
1689,[ 5 90],7.5859800144240825
1690,[73 87],4.992827305397597
1691,[96 88],10.218808787119125
1693,[94 14],4.287316617308974
1694,[63 74],6.8730209257723525
1695,[51 31],10.35911078308589
1696,[84 40],9.461337254507844
1698,[20 72],3.0896805805998464
1699,[49 31],6.200369490100701
1701,[26 48],4.37103394943207
1704,[97 23],8.164986085523061
1705,[75 95],6.885468915265908
1706,[69 35],3.556786249169965
1707,[97 21],5.660673685986531
1708,[22 91],10.377682873885451
1709,[58 29],3.5576024783225995
1710,[53 60],19.602752975825123
1711,[12 33],7.89616311463149
1712,[99 78],4.606536806935703
1713,[ 9 75],7.462510959578481
1714,[0 0],7.673909545244912
1715,[ 9 56],8.285435416061151
1717,[42 66],12.917231038753318
1719,[10 51],3.233480557681574
1721,[95 74],6.152255254366791
1722,[58 31],4.727453785277748
1723,[72  0],14.30957261873954
1724,[52 77],14.744881058058551
1726,[43 39],8.264418170179098
1727,[61  5],7.459589536821515
1728,[ 4 97],7.816970221359549
1729,[99 23],3.153254675795717
1731,[54 91],5.243634027241371
1732,[ 1 74],9.642997609365754
1733,[92 32],5.6749926587303765
1734,[90 86],5.4462036903646265
1736,[90 85],5.609228785934173
1737,[11 32],4.727233815054972
1738,[ 1 91],3.221568432711681
1739,[ 5 60],6.320652106248259
1741,[ 1 90],11.133629200077566
1742,[68 63],3.8572030063367726
1744,[89 35],3.6676742210995545
1746,[24 99],7.354283225723732
1748,[80 98],4.951959462578349
1749,[37 86],6.9029720974769635
1751,[54 93],8.539118075272844
1752,[ 5 56],5.604714071367218
1753,[73 11],7.663334497249765
1754,[93 87],8.077516511509376
1755,[95 19],4.052609972595473
1756,[96 79],4.6154763177178095
1757,[70 48],4.136610357430326
1758,[64 74],8.445736218804011
1759,[11 78],4.747193918438821
1760,[72 91],3.903294999255591
1761,[94 97],7.246777572741998
1762,[23 28],8.814125012145848
1764,[25 48],5.262614220016668
1765,[82 13],5.821492119754826
1768,[ 7 49],18.331954366666118
1769,[80 39],4.219798257916364
1770,[46 39],10.454349980709289
1771,[32 56],10.454177429333688
1772,[57 30],3.810388142506368
1773,[29 48],9.075878478199293
1774,[95 44],8.018427959340583
1776,[82 60],10.938974208464032
1777,[89 82],4.13225912308929
1778,[37 37],3.6160909919242465
1779,[16 76],8.044698435337178
1780,[56 52],5.644304440389023
1781,[77 10],3.84967217589298
1783,[82 91],10.427113374271322
1784,[ 9 72],9.16309253104447
1786,[93 17],5.61317555284742
1787,[75  3],4.912897565606457
1788,[48 77],6.860705920766556
1790,[72 26],3.3952395982767465
1791,[45 62],8.134737498441998
1793,[67 54],9.467917240578092
1794,[60 56],3.779149285595806
1796,[42 78],3.192432461795428
1797,[94 91],10.703447548120014
1798,[76 17],6.301121573358319
1799,[ 6 46],4.775872294632055
1801,[69 38],3.593410570361915
1802,[92 90],5.02174837466395
1803,[67 70],6.885045304982189
1806,[93 24],3.5727207418616187
1808,[95 89],6.816054934894138
1809,[78 42],3.9693286322223145
1810,[60 34],5.339115417090996
1813,[86 75],6.462367479031087
1814,[60 49],8.57049136290102
1816,[97  9],3.7788954648280964
1817,[ 3 56],10.048017055685115
1818,[62 11],3.9754104312439935
1819,[30 82],8.01221704890071
1821,[39 69],11.864614217113143
1822,[ 1 36],7.284358528955767
1823,[66 30],3.606460146558768
1824,[82  1],4.156627433979
1825,[14 76],3.697224760087806
1826,[18 85],5.016629342359337
1828,[72 23],4.337212865168911
1829,[62 14],16.572774876614112
1830,[61 25],7.898277525498456
1831,[45 64],8.845390027008039
1832,[22 22],4.641859744888351
1833,[35 47],15.84989622552617
1834,[18 53],3.46997160232445
1835,[82 89],6.37579593297883
1837,[21 83],4.858267583000062
1840,[48 72],9.00350442730245
1841,[ 2 42],6.1212521732848035
1843,[24 25],6.274476636888184
1844,[97  4],5.147274356477675
1847,[96 77],12.055136615205239
1848,[82 26],5.0170119626967695
1850,[ 7 79],8.61086259636674
1851,[99 17],3.7095150533316086
1852,[93  5],5.578394828447115
1853,[ 1 34],10.718758559533887
1854,[99 76],8.23413577553275
1855,[70 24],4.5557663555105865
1856,[21 34],7.999914440681955
1857,[51 88],5.974928935463928
1858,[93 27],11.744244725091525
1859,[23 13],9.042525759035675
1861,[22 92],3.6182385323511
1862,[24 15],6.0247127807237515
1865,[46 67],4.657720461380572
1866,[80 89],13.695337929824362
1868,[23 80],5.06820965416607
1870,[74 20],4.17107283704104
1871,[45 31],13.459509963269516
1872,[ 0 81],17.066534304080005
1875,[47 74],4.828075213556783
1876,[ 4 47],13.991049656112125
1877,[22  6],4.338507410807465
1878,[ 7 89],4.5618384993505
1879,[28 55],6.452274202592228
1880,[97 95],3.6790792237807195
1882,[68 69],8.4707769251256
1884,[92 15],4.222437166945895
1887,[41 86],5.712826510172293
1888,[31 49],19.651970400421355
1889,[42 57],4.575859617524912
1890,[62 25],4.737771460425799
1891,[56 31],5.105275948966101
1892,[80 82],4.096207108231607
1895,[86 74],3.5488163925784497
1896,[61 72],5.603218688520035
1897,[ 5 92],5.707256225847294
1898,[ 5 57],3.244789549636481
1900,[85 12],4.212542447256504
1901,[71 95],7.271485311651693
1903,[22 88],11.11667317723619
1904,[70 51],3.0979691228520885
1905,[62 61],9.262909659399394
1906,[56 54],5.045705767317546
1908,[40 78],10.612306932067078
1909,[93 25],13.522523394699764
1911,[24 52],4.393203812955814
1913,[89 76],4.6353817740643555
1914,[62 34],6.543105033489497
1916,[81 14],5.795177958488117
1917,[69  5],8.79355485458268
1918,[77  7],3.6279649912210044
1919,[10 93],9.42137583547041
1920,[15 53],4.089390065078361
1921,[0 5],4.72994254552996
1922,[53 77],21.136519145719454
1924,[ 7 88],6.47244182481073
1925,[50 60],5.338411535195533
1927,[54 79],3.0820545220570508
1928,[ 9 48],8.653874128339568
1929,[ 5 47],13.03674593569367
1930,[75  2],12.978163931584433
1931,[90 78],3.2370325247404734
1932,[ 8 63],3.7573153456294985
1933,[21 74],3.6501979413772085
1934,[63 23],18.182444740000996
1935,[ 0 28],4.063661207699104
1937,[76 88],4.334176167081763
1938,[73 10],8.343260980892186
1939,[62 17],19.652971365787653
1940,[71 38],4.344905778407672
1941,[99  9],8.176004541495864
1944,[ 8 62],3.639879238279709
1945,[73 14],4.151677685836438
1946,[68 13],10.221379771854139
1947,[92 14],5.578395114858214
1949,[26 49],5.7549530542113425
1950,[92 78],7.046124773814031
1952,[ 9 52],6.317844987633638
1953,[ 0 19],6.693226812988112
1954,[72 60],5.048457069826734
1955,[74 40],5.076747579176839
1957,[54 90],5.777782164774263
1958,[84 30],11.57194444532326
1959,[ 5 30],4.033462650466746
1961,[21 75],3.0271304666010264
1962,[88 76],4.8186842510573245
1966,[67 35],7.144373801567362
1967,[50 73],12.074858628519785
1968,[62 71],10.242976602811073
1970,[ 2 98],4.656031857808081
1971,[69 34],5.100325135505372
1972,[88 34],3.4778385292773013
1973,[75 97],3.611266288008685
1976,[ 8 52],4.5618526624120594
1977,[ 8 43],11.88665184877485
1979,[57 31],4.839566040599482
1981,[34 98],6.137180587009043
1983,[ 4 59],9.290658088041646
1984,[72 11],3.5002761595884206
1985,[41 57],4.577335435163783
1986,[31 50],9.901874387573786
1987,[42 29],3.3823633867097667
1990,[63 37],9.449431204954319
1991,[ 6 56],5.662376256904908
1993,[85 91],4.910855347068339
1995,[96 32],11.284805239826929
1996,[79 40],7.299451830178482
1997,[ 0 62],10.315316806195389
1998,[ 1 96],7.982512031258295
1999,[62  5],5.6581919723754535
2000,[70 61],4.169394192736557
2001,[10 44],10.469732781479081
2002,[ 6 96],5.218423889792981
2003,[96 89],3.6392442839209025
2004,[71 42],3.9190614443361826
2007,[67 52],19.436700971243305
2008,[ 1 76],4.63428897697503
2009,[23 56],7.938965629047047
2010,[22 26],5.544815229444238
2011,[ 3 33],3.2774674302694926
2012,[80 13],4.138668139959209
2013,[64 64],3.8148132579359735
2014,[34 56],3.447314412001867
2016,[97 87],6.281258252229414
2017,[38 67],7.298192921239779
2018,[20 51],7.496453267618295
2019,[93 20],5.447608223420753
2020,[ 9 42],4.198965587608705
2021,[60 80],6.3884030173793
2022,[94 60],8.991216059539623
2023,[88 57],3.524492203274548
2024,[38 61],9.726960943916772
2027,[70  1],5.915398736456657
2028,[43 40],6.297201067060224
2029,[37 76],3.863318499422414
2030,[ 7 93],15.813267697725621
2031,[93 21],5.453197239401523
2032,[ 0 29],5.862709422838643
2033,[41 66],9.524185988686677
2034,[99 66],4.188486989193467
2035,[75 92],4.740761693710969
2038,[79 14],5.896146429199616
2039,[63 73],4.227410281526707
2040,[18 77],10.968586962222314
2041,[43 30],14.761636443861306
2042,[88 82],11.560454798090108
2043,[24 16],5.974213306431385
2045,[96 97],3.175622323173728
2046,[26 55],15.084895532831661
2047,[65 95],3.2115073947949373
2048,[28 98],14.68401887839743
2049,[85  7],4.8983905234839025
2050,[85 97],4.026912140955303
2051,[39 74],6.077665043826702
2052,[71 23],3.9000988548334212
2053,[94 79],7.329252449578815
2054,[90 73],3.74288047496006
2055,[93 26],3.362641674286909
2056,[ 8 78],14.715147562484432
2058,[67 58],10.884305907828553
2059,[36 46],6.8507843942309075
2060,[81 20],7.802748801364138
2061,[37 29],5.396114679968979
2062,[46 30],5.61612394767852
2065,[62 15],9.539860938504518
2066,[52 60],6.46769890744266
2067,[23 40],3.4449138067775955
2068,[97 40],8.577805334008149
2073,[67 68],4.845366894797406
2074,[43 29],5.829980598400283
2075,[33 33],3.517658286869588
2076,[40 71],6.842876683395502
2077,[ 7 33],5.759067220869338
2078,[ 0 39],10.004449396244878
2079,[63 34],6.541123726049736
2081,[71 97],12.281653978802893
2082,[61 35],5.215491332529344
2084,[17 77],4.884715785263304
2085,[50 74],3.3117719670127617
2086,[44 59],3.0539897542396313
2087,[61  7],7.3863285693045535
2090,[67 84],8.644519199821477
2093,[52 92],11.45994443676236
2095,[70  0],4.460035870511866
2096,[40 41],4.44964614786698
2097,[51 45],6.349580586403878
2098,[89 58],6.997152938685893
2100,[67 56],11.79950905624914
2101,[ 3 95],4.312035315064332
2102,[19 84],3.9004215157527273
2104,[45 33],14.39553880458235
2105,[62 51],7.730892946086252
2106,[11 52],5.557431794998818
2108,[98 64],3.3284419368020814
2109,[97  0],7.558051246113867
2110,[ 9 66],7.923027333808188
2111,[42 32],8.239972461509375
2112,[80 31],4.347472387076989
2114,[72 92],7.434222778716678
2115,[ 3 31],4.284536007263919
2116,[31 48],3.3326854254738585
2117,[98 71],23.362551044304073
2118,[ 1 13],12.921447394859229
2119,[14 48],8.774448502836938
2120,[74  8],6.196484550215809
2122,[74 90],7.788085486959488
2123,[76 19],7.7950762426194675
2124,[56 84],6.125864873258129
2125,[82  7],5.845588253150907
2126,[72  5],6.928038946375883
2127,[62 36],15.108724859723798
2128,[69 64],6.395241998344957
2129,[10 36],5.532295062581852
2130,[74 18],3.154441610341968
2131,[29 98],3.1740136224389803
2132,[ 3 46],9.705857437592101
2133,[48 43],6.5344627705516345
2134,[62  9],6.683481679386343
2135,[31 33],4.4103768387839075
2137,[17 75],8.825004880169754
2141,[13 51],3.4934797048921977
2142,[64 17],8.975596103102422
2143,[76 12],10.838750178154033
2144,[79 30],4.377168040710846
2145,[17 55],5.137451982666057
2146,[38 78],9.783975977506877
2147,[52 45],6.1603164986395695
2149,[64 73],4.695755969401974
2151,[23  6],3.995581981716754
2152,[88 58],5.22017416250359
2154,[71 28],4.879702557480044
2155,[88 35],4.4096348907002465
2156,[29 53],8.753866475243754
2157,[34 99],8.596705282201544
2158,[ 3 82],3.5240813689872224
2159,[75 98],7.435409287225215
2160,[ 6 88],4.144493069966506
2161,[15 85],4.871531785878273
2162,[68 26],5.23106448091667
2163,[59 94],4.266111183958448
2164,[30 98],3.1031217023256916
2165,[43 70],6.781111130901428
2166,[88 79],5.592350011664409
2167,[42 71],7.28265823760107
2168,[75 31],6.912057419782268
2169,[73 19],3.395665297357846
2170,[63 54],5.818089219668243
2172,[31 47],11.353655677051144
2173,[94 72],3.0350259663502213
2174,[77 90],4.197607907482311
2176,[73 40],3.7500248786206005
2177,[2 1],4.221779569656931
2180,[18 73],3.490846963619388
2181,[98 62],3.178333123506656
2182,[94 42],10.74988176638946
2183,[49 83],6.890501886830688
2184,[96  5],6.4076039734769425
2185,[16 78],4.487429989443365
2186,[0 6],7.682529002346859
2190,[92 39],8.911082136018276
2191,[38 75],5.395442397722467
2192,[76 42],6.913678222103342
2193,[72 96],11.124974973279883
2195,[ 6 87],4.640329538151062
2196,[43 62],9.310983842862244
2197,[53 31],5.424803856271474
2198,[53 43],9.768678686950485
2199,[78 38],6.633117140715865
2200,[15 46],6.935791576186068
2201,[77 24],3.3348186274988865
2202,[89 84],4.1506818079256345
2203,[60 47],6.346054375352677
2204,[42 82],11.070661058603342
2205,[39 30],3.46742172316317
2206,[16 86],6.8362882247110495
2207,[50 72],5.142407098896785
2213,[81 23],3.865284645777289
2214,[85 29],7.572498785504102
2216,[29 56],5.98880757248641
2218,[44 86],9.238546204190246
2219,[24 56],7.734855026273972
2220,[ 7 90],15.07527921862939
2221,[25 46],7.929235548451851
2223,[41 73],6.79688673664153
2225,[4 0],7.306303318321016
2226,[85 14],6.6516460644812305
2227,[70 23],11.357767263401529
2228,[33 55],12.841422904564155
2230,[99 75],4.141596925582347
2233,[53 88],6.2261358734156005
2235,[ 8 41],6.397274374673017
2236,[61 37],9.95237573988444
2237,[62 48],3.069851189396255
2239,[44 71],10.06214171818458
2240,[67 49],9.346457680154332
2241,[83 40],5.193702639772573
2242,[ 6 49],10.424820895427503
2243,[40 30],7.742564141245364
2244,[70 15],3.629892941274603
2245,[79 27],7.0657978063706075
2246,[46 36],12.476559294972198
2248,[93 40],10.405329267198951
2249,[48 87],4.071510182535503
2250,[99  3],6.014507641334303
2251,[82 23],3.6161627702074384
2252,[37 74],5.800789802835878
2253,[ 7 72],6.1798300670529045
2254,[94  0],5.749785326644371
2255,[48 44],10.322377895194242
2257,[71 87],5.6354884304007875
2258,[ 5 54],12.435132216295202
2260,[81 90],6.673503205519569
2261,[64 70],3.709438296513569
2266,[40 72],4.834461177873519
2268,[10 77],5.25496780398949
2269,[ 7 74],6.155620086386019
2270,[77 14],3.3140769043249065
2271,[23 45],4.654781547758694
2272,[69 66],3.460399461341178
2273,[11 49],4.761742544704952
2274,[0 1],3.2695067540018767
2275,[49 76],9.699259143155961
2276,[ 8 76],16.680880609163452
2278,[64 23],5.12991631897084
2279,[34 50],4.737780208199746
2280,[60 57],8.058976113635836
2281,[ 1 82],13.031034651698475
2282,[ 0 54],3.9635846598042868
2283,[93 96],3.0826316574802046
2284,[90 76],4.867370093877753
2286,[98 37],4.25693954136536
2287,[81 15],3.4404631264385594
2288,[77 19],3.368407317310755
2289,[96 12],4.409552933926051
2290,[69 48],3.772509915973031
2291,[55 60],3.0771551260954446
2292,[37 71],7.348116589138495
2293,[25 52],4.058047445302169
2295,[94 12],9.317943051976112
2296,[12 51],3.7229451957463073
2297,[71 89],3.8235098739664766
2299,[23 32],4.818724097345145
2301,[40 38],4.72655184084004
2305,[93 92],9.427458835812402
2306,[ 2 37],4.74634822696474
2307,[31 85],6.7628210494683625
2310,[45 68],3.8862116528941932
2311,[95  7],7.317179039362421
2312,[ 3 47],10.94765911038806
2313,[68 67],5.24338409659183
2316,[99 27],4.391420836275849
2317,[42 31],9.474578500073552
2318,[ 8 47],3.583451347461149
2319,[89 34],3.3895511788775288
2320,[23 93],7.793351537426748
2321,[97 76],8.255834789533457
2323,[41 41],4.830738452465194
2324,[14 84],3.6415757931307415
2327,[ 9 93],12.616374278382189
2328,[30 47],9.172020628731218
2329,[51 93],6.303412260273845
2330,[24 40],7.253301378376375
2332,[56 98],3.9302980599579844
2333,[44 33],11.847087527909101
2335,[1 7],4.908917911167631
2336,[49 45],3.8176317324488824
2337,[39 76],9.837242715450808
2338,[63 57],4.40427524622374
2340,[74 26],5.413855230711169
2341,[68 44],4.194687332714393
2342,[88 73],5.325080845786763
2343,[13 55],7.240794319854622
2344,[43 73],4.002900450535461
2345,[71 22],6.37726566319709
2347,[99 64],3.0138692650930676
2348,[95  0],4.357372649014496
2350,[97 89],6.525084976446843
2351,[1 4],11.94861007803678
2352,[10 40],4.6195368775742605
2354,[62 53],3.553086018665538
2355,[44 76],4.189312526557716
2356,[30 33],12.200254759898515
2358,[16 79],3.751774189786391
2361,[ 0 87],3.154068428351393
2362,[61 32],6.699756588416671
2363,[12 72],4.6202018610077475
2364,[61 47],3.949301307448993
2365,[23 91],10.134744877785392
2366,[38 77],7.069342658180041
2367,[75 96],10.874301245342377
2368,[ 4 48],9.70797937290867
2369,[24 89],3.5101651042635975
2371,[26 99],11.215965948803872
2372,[84 96],4.167927902102502
2376,[ 8 38],6.262020404705149
2378,[64 48],8.914607372873174
2379,[31 99],13.093762929503306
2380,[64 18],6.09373509773613
2381,[78 41],3.857731713072272
2382,[46 35],7.417846795133391
2383,[93  4],4.993322600257824
2384,[20 55],4.31275694508048
2385,[31 55],6.878639892362228
2386,[61  9],6.263978701987058
2387,[71  6],5.077223725696344
2388,[22 80],8.299700589824859
2389,[67 57],8.211031659745741
2392,[16 56],4.149869298586999
2393,[39 63],3.2576412513388684
2394,[96 28],5.714986103498967
2395,[62 26],12.763132911475461
2396,[60 94],5.5744398864669895
2399,[35 93],3.4590974811012685
2400,[84 24],8.826767791499835
2402,[ 8 35],5.750370194717934
2403,[83  0],18.53271655606495
2405,[41 62],5.4694938160494555
2406,[46 61],8.892730664575895
2407,[98 70],5.225858189048345
2408,[37 34],6.732387970505692
2409,[ 0 18],4.227511239921326
2410,[83 15],8.206215925992884
2411,[99 73],3.3411567755032365
2412,[20 80],6.5947115343436185
2413,[ 2 47],3.1376365334133016
2414,[73 23],3.048643919623543
2420,[91 74],5.078025095902005
2421,[71 20],6.494619257444637
2422,[99 38],14.745774615488633
2423,[99 22],3.3713664168093187
2424,[64 69],4.7044897708974505
2425,[10 71],5.8149913183038136
2426,[39 73],6.792187653004069
2427,[67 98],6.623518454954533
2429,[21 41],7.884819362970621
2430,[63  3],3.7476465961288437
2433,[24 98],4.105220788416728
2435,[85  0],5.801907235784434
2436,[ 1 85],3.3322151937967
2437,[ 3 50],8.136697216893735
2438,[28 50],11.528979104854788
2440,[ 1 25],4.164287622689804
2441,[69 19],6.920381494303061
2442,[93  7],5.803447804069254
2443,[72 38],6.26658892496663
2444,[ 0 65],5.680179805473723
2445,[60 53],9.423762326896576
2446,[95 14],7.586223866140312
2447,[73 97],3.757371865183369
2448,[18 52],7.00105550314432
2450,[51 90],4.753210495773936
2451,[42 36],18.542153849984203
2452,[ 7 42],3.1844153889586435
2454,[38 32],8.101043944024292
2456,[46 58],3.89964423447911
2457,[65 34],6.363177386894337
2459,[99 61],9.813896358971778
2460,[44 36],8.81615322981537
2461,[45 57],6.052626067135807
2462,[27 54],10.22835909844071
2465,[94 43],6.214415719232952
2468,[37 75],6.099119466185464
2469,[76 24],3.686748436394079
2471,[42 33],8.842388734810877
2472,[41 67],3.916634837322576
2473,[32 99],7.901160136069004
2474,[42 63],11.715124558658959
2475,[79 22],13.173598900284023
2477,[68  2],3.891819318791048
2478,[83 90],3.052170984318139
2479,[71 60],11.541531974066904
2481,[22 50],4.155699169857185
2482,[26 56],6.979044369171219
2483,[ 0 33],6.194137976867847
2484,[40 36],12.60778678542181
2485,[39 29],4.25491620735799
2486,[97 94],5.139669583089299
2489,[10 74],7.777182940850876
2491,[19 81],6.853811418260104
2492,[69  4],3.128057227979985
2493,[10 46],16.480353138587198
2494,[75 40],8.564998798048283
2497,[32 55],13.95877201824412
2499,[ 0 85],9.34514893220611
2500,[70 11],8.658593029328852
2501,[36 82],3.639407359708429
2502,[ 4 33],8.390273500448927
2503,[97  1],5.36766288977725
2504,[79 90],6.5020436028952036
2505,[41 30],8.24051012646208
2506,[ 0 46],4.749070715038909
2507,[82  6],4.1573806338852926
2508,[10 87],6.689965469511954
2511,[92 16],3.1212207015397238
2512,[94 74],4.807998688473145
2514,[30 52],7.8920566127657885
2515,[48 30],7.803270157948345
2516,[95 96],5.2898047144457685
2517,[56 47],7.421533970036065
2519,[38 36],10.059904246008024
2520,[17 33],7.345962316623872
2522,[74  0],3.3618512512135883
2526,[ 0 43],3.7326420847237936
2527,[39 78],4.46775826758888
2530,[81 87],8.108842336213154
2531,[79  1],8.297926968850863
2532,[92 24],3.180957782522313
2533,[63 36],3.4719115025827105
2534,[16 52],7.800353965771125
2537,[77 18],4.110614973712412
2539,[64 83],3.7414103441860336
2540,[21 68],11.627193398767055
2541,[85 26],3.441129565295066
2543,[ 7 34],3.3807957407059375
2544,[80  7],7.814581681825699
2545,[25 93],5.318311886901824
2546,[78 25],4.577268984062556
2550,[26 51],16.178496395774065
2551,[10 47],8.607264125528234
2552,[80  1],5.296383227949879
2553,[57 47],14.599509677504761
2555,[ 7 44],3.617398252167546
2557,[97  2],4.872413581647912
2558,[14 79],3.2805389099537514
2559,[70  2],6.872178549027032
2560,[10 92],6.338452854026809
2561,[38 82],3.021525743486733
2562,[38 79],7.434570479911195
2564,[89 85],3.6868816884448066
2565,[16 53],9.446275015304105
2566,[56 51],5.4635943515614835
2567,[81 95],8.671574962614773
2568,[69 53],7.153246074099908
2572,[84 90],9.099561686942371
2573,[55 77],5.474038499316384
2574,[60 35],4.325361073156705
2575,[ 0 37],4.403581861232065
2576,[43 63],13.45566318790177
2579,[37 67],13.512938296782663
2580,[63 76],4.791891201652838
2581,[10 99],6.248662075463448
2582,[70 34],12.91278227741756
2584,[20 85],6.558949437702264
2587,[89 36],4.050572115423913
2588,[61 21],11.595645944069734
2589,[76 91],3.819107192464716
2590,[99 28],5.456445873797824
2592,[71 88],5.866713924646276
2594,[84 18],9.14760554208518
2595,[62 21],3.4528286319187362
2596,[ 9 64],8.814838620573624
2598,[39 65],19.650813077922635
2599,[83 27],4.648326304037664
2600,[99 26],10.879544877458878
2604,[22  8],5.5943143055129525
2605,[ 8 73],11.390303407756077
2607,[56 97],4.406738684882125
2608,[77 87],3.5639002692608956
2609,[44 63],4.541626071498239
2610,[84 17],6.299798187077009
2611,[ 1 60],3.1653608543149767
2612,[92 17],4.3429316342082505
2613,[92 12],6.281860599619717
2614,[ 5 93],3.3900048791287665
2615,[11 81],6.627099355411585
2616,[97 39],10.31804571239911
2617,[29 52],4.405459588496285
2618,[93 89],10.63816278496197
2619,[24  9],4.268546984173443
2620,[86 35],3.410834688573269
2621,[28 82],5.507581698216398
2624,[48 60],6.204325026151464
2625,[90 75],7.448768085403696
2627,[20 76],4.439794386441058
2628,[45 29],10.86068504560529
2629,[25 51],15.48095871375355
2630,[ 4 57],5.2059990110992995
2631,[77 25],5.946698597840273
2632,[ 1 30],8.16312796476971
2634,[39 38],5.973061301609208
2635,[44 68],10.458292411340077
2636,[68  6],3.6385087345626648
2637,[69 43],3.145621733732617
2638,[10 68],7.079095588170691
2639,[75 12],5.4326432352307235
2640,[42 30],10.033173049453175
2641,[75 25],6.126970719927453
2642,[78 40],9.217141054901697
2643,[93 91],5.1448174747284785
2645,[75 20],5.310957607217244
2646,[18 50],5.496922792300008
2647,[34 55],5.907285072224223
2648,[61 65],3.3524399935074323
2650,[75  6],11.976351409971937
2651,[68 11],5.785509637286474
2652,[74 17],4.810162329686272
2653,[39 71],3.594192279071666
2654,[74 12],7.709241210142107
2657,[18 56],4.311941564875524
2658,[99 93],8.239701789541298
2659,[29 46],14.803980355026079
2660,[51 73],5.075974111704855
2661,[97 88],7.70086110654091
2663,[41 59],8.879864228638944
2665,[56 35],4.306094672902639
2666,[11 56],9.22940307779338
2670,[ 6 32],7.304807398411766
2671,[60 46],5.87801744432546
2672,[76 98],3.5987038464692818
2673,[72 27],5.131815446559899
2675,[69 24],5.232090337481128
2677,[63 71],3.400773973163764
2679,[69  0],4.663807712956164
2680,[98 35],11.901812873100845
2681,[ 4 91],6.326881820705158
2682,[38 62],10.115800392740663
2683,[92 33],5.854804779451399
2685,[12 75],3.435709473120295
2686,[48 45],6.889195719691043
2687,[59 46],7.793487209509699
2688,[ 6 57],4.688883836364658
2689,[21 80],13.519073718669771
2690,[38 65],3.345148697297867
2692,[44 41],8.312663864021358
2695,[80  0],9.928723868225491
2696,[10 66],4.583414582049963
2697,[ 1 24],5.019674351678821
2699,[81  2],10.680414587356442
2700,[47 29],8.131251538852133
2703,[69 28],7.229540266286847
2705,[67 34],5.839051878495484
2706,[95 38],8.128774354627733
2707,[ 4 32],9.148148832254321
2708,[71 19],9.352995592609044
2709,[15 72],10.83143791945731
2710,[33 84],7.005400520395895
2711,[64 58],3.610394761322392
2713,[37 30],10.950554052491118
2714,[70 69],3.4566987787331627
2715,[86 59],16.423376867279835
2716,[24 20],7.259683260745602
2718,[47 93],11.189963882173096
2719,[62 37],14.331776522564892
2720,[37 77],14.327451658137655
2721,[46 77],3.719578330350799
2722,[41 77],11.575408581666288
2726,[61 93],6.94003733985612
2727,[42 58],7.965240262687195
2728,[11 51],3.056690047170582
2730,[75 21],4.592059128347287
2732,[98 80],9.374364766166217
2734,[98 67],7.307875873963375
2736,[ 8 53],7.302197775384486
2738,[70 16],10.470451603310957
2739,[47 44],9.281253589433556
2740,[69 21],3.5499065399642378
2741,[62 65],7.0585828334770735
2742,[51 79],17.019363003125388
2743,[ 7 92],13.264368330471873
2744,[80 42],6.815472259481588
2749,[81  1],3.7836552873453275
2750,[87 59],3.2238472676972765
2751,[ 2 81],6.993967196620333
2752,[89 77],5.924890050192269
2753,[96 45],4.013050913199244
2754,[68  9],3.4633882300977827
2757,[96 72],6.008819288108645
2760,[94 13],14.090707263776014
2761,[87 82],10.72301233952875
2764,[59 95],6.169371388408499
2765,[85 21],4.84309937706636
2767,[21 45],4.981404222730307
2770,[ 4 54],7.271362370463798
2771,[ 2 49],6.364374749089534
2772,[24 26],7.111724772230627
2773,[22 21],13.105501509825519
2775,[35 32],7.314247099339499
2776,[85 28],7.073967741926462
2777,[87 76],14.958604269960606
2778,[41 71],16.991513777003306
2780,[63 26],6.0164061058590566
2781,[62 20],9.302868626375549
2782,[31 32],4.09204169394547
2783,[69 50],7.0466886530503015
2784,[92 40],6.48186590753342
2786,[75 60],9.041569645991167
2787,[99 19],8.668285927144781
2790,[46 66],9.060188328320333
2792,[80 27],5.2285434238320185
2793,[99 98],3.5209589858268124
2794,[14 54],4.118484539939536
2795,[96  4],4.436164884415166
2796,[12 83],6.961601134587391
2797,[40 42],3.152478472202025
2798,[52 74],12.425109935071745
2799,[36 49],10.704993083285611
2801,[ 1 48],5.717512077918408
2803,[95 21],8.143949374675742
2804,[42 65],5.632147504482661
2805,[28 86],3.7974407510116506
2807,[16 55],13.937185312480596
2808,[ 7 77],5.828707934220108
2810,[64 25],22.66952345554841
2811,[56  0],3.4398485234778313
2812,[ 1 18],7.197268480744193
2815,[99  7],5.128088216516963
2819,[99 71],3.434233842869096
2820,[95 88],8.22087116937477
2823,[ 5 31],3.1032996238351456
2825,[85  9],4.510326238157485
2826,[ 4 60],6.37953816159034
2827,[0 4],6.9715385431818255
2828,[ 7 46],11.964050472098432
2829,[71  9],8.252645046795397
2830,[10 45],9.218605386865113
2831,[48 92],7.773281381394791
2832,[14 80],8.278463217708289
2833,[23 46],4.129919598553008
2834,[66 29],8.013609479259749
2836,[43 65],10.531512332194108
2838,[99 45],3.0719230468601673
2839,[53 75],9.819834885263123
2841,[47 72],12.191258432695346
2842,[75  4],12.741730482585044
2843,[ 6 82],3.7823627183110067
2844,[57 53],13.635306412791174
2846,[83 14],3.431141145054297
2847,[38 71],6.64684812653692
2849,[68 64],3.479447404520174
2850,[57 85],8.231821070149278
2852,[38 35],5.906768226309728
2853,[29 32],7.005936660613407
2854,[42 73],6.335246840422976
2855,[36 56],6.830324825781047
2856,[53 93],17.710037028927395
2858,[70 21],4.093256897422405
2859,[99 69],8.316754198898874
2860,[71 82],6.786950467701258
2862,[23 19],3.2092471338893738
2864,[ 3 54],8.782811427633673
2866,[31 56],3.5172724727392266
2867,[ 0 32],6.2027496071934465
2868,[62 49],8.52695296815411
2869,[ 0 53],9.551223705646702
2870,[24  5],7.044994149352366
2871,[79  2],4.299610744801023
2873,[68 58],3.0565153518714707
2875,[ 0 60],4.486463614052033
2876,[81  8],3.675917842843522
2877,[95  8],3.913621747460957
2878,[31 52],6.252867132931239
2879,[56 55],3.5077736061161624
2880,[ 7 65],5.518311383203306
2881,[70 72],9.529922191847529
2882,[80 16],3.03203761330671
2883,[70 17],7.109862624434195
2884,[99  8],5.459889728767449
2887,[70 64],4.597298840249774
2888,[70 66],4.956483670462726
2889,[37 85],10.95123754554751
2890,[68 22],3.5723691524835957
2891,[80 94],3.0788813388991487
2892,[72 17],3.843527729980944
2893,[74  1],6.277694398587283
2896,[72 94],6.205842432983449
2897,[82 39],5.970957310095391
2898,[87 34],5.874308545211834
2900,[54 83],3.1323646257121087
2901,[10 75],20.463591253096595
2902,[10 63],6.6791136341992985
2903,[94 20],3.422217592230851
2904,[74 23],7.254146978597363
2907,[58 47],10.936113897670568
2909,[22 55],7.5263636912454235
2912,[ 2 52],5.680476140309908
2913,[68 93],5.796942426819496
2914,[74 99],5.574941295534668
2915,[27 85],3.167962580576889
2916,[11 54],3.200272743954902
2917,[14 83],5.18844154752457
2919,[61 20],14.678642648837876
2920,[58 50],14.147915511783346
2921,[56 96],4.709306968327128
2922,[93  0],3.1067764600678967
2923,[48 83],4.895390486453925
2925,[15 47],4.307424109067445
2927,[37 70],5.9063158524348705
2928,[35 53],5.40516416175736
2929,[51 91],5.344823208296799
2930,[96 14],13.734944618002684
2932,[78  0],5.236247644391022
2935,[13 78],9.35619668322634
2936,[76  1],15.055181030451134
2937,[14 56],7.242788479326766
2938,[71 26],6.0252592274613
2939,[84  4],9.541621609021226
2940,[27 56],14.358253756966617
2942,[24 17],8.924463082715608
2945,[43 35],7.971227517216042
2946,[73 60],17.248465486366108
2947,[84  1],6.995851956944848
2948,[ 2 53],4.470501964075239
2950,[ 0 20],3.4727162824755062
2951,[74 39],3.9848908150355964
2953,[51 78],3.1454294200010917
2954,[ 2 58],18.003588019195977
2955,[12 54],6.46167295723599
2957,[10 55],13.726456504522229
2958,[70 58],4.586851353293016
2960,[23 48],14.702072538580811
2963,[60 85],6.135948077893323
2964,[45 36],13.918834226128254
2966,[ 9 92],13.303527631914491
2967,[39 68],10.668351681978974
2968,[95 26],5.619326903135647
2970,[62 23],12.55884712021556
2971,[82 95],11.410410678424142
2973,[29 86],3.721463479609217
2974,[ 9 71],4.729171200824029
2975,[20 33],10.500086442263996
2976,[ 0 91],5.175093567451562
2977,[40 62],4.055602235962068
2978,[41 84],3.3198713314419006
2979,[43 74],5.930525023790004
2980,[59 52],6.454054482060073
2981,[51 72],8.357283933045926
2982,[44 34],18.48676069188239
2983,[82 15],5.756129373416714
2984,[42 69],3.7408106862281847
2985,[30 50],19.705100155556014
2986,[16 48],5.7540009562370695
2988,[67 51],3.4162599273524776
2989,[61 76],4.0828597712197485
2990,[97 26],3.8709084366599846
2991,[70 67],5.108993589703614
2992,[76  2],6.079731563564795
2994,[45 63],5.650893930922135
2995,[56 46],15.528225914043091
2996,[70 27],8.613115139544593
2999,[61 22],4.017539973756397
3001,[59 85],3.7155386084494095
3002,[13 83],8.384313055265798
3003,[10 41],5.397805583638219
3004,[80 91],5.386350692372754
3007,[23 14],5.108252505981025
3011,[56 48],8.043640759880082
3012,[37 62],8.053645249420798
3013,[21 69],3.49418715198071
3016,[ 1 64],9.376745083343522
3017,[37 36],7.070807270793905
3018,[57 35],7.26761616875398
3019,[82 24],17.525925543951395
3020,[73  4],3.1680546716280675
3021,[64 21],5.826915593742027
3022,[28 85],3.2513248404664488
3023,[24 48],12.911511950259111
3025,[22 33],7.963188328279408
3028,[41 35],9.226303150745386
3030,[26 86],6.3180279552706295
3031,[69 15],8.387311751809811
3032,[41 42],11.133685489759534
3033,[68 35],5.191611746727455
3036,[ 1 10],11.296819270690396
3037,[97 38],11.440180018047775
3039,[50 87],3.8916517932974557
3040,[45 32],3.152860621893531
3041,[27 47],3.2262757640785757
3042,[59 80],4.661939729839509
3043,[39 41],6.502421135908832
3044,[94 22],3.7703107303837777
3045,[32 85],3.308390194146642
3048,[ 3 87],6.63413224347303
3049,[43 79],4.537750667829992
3051,[24 27],4.031229307370281
3052,[71 98],5.007569666374446
3054,[54 43],4.9105667025819795
3056,[95 40],15.770360851125902
3060,[78 17],5.927945766681975
3061,[99 96],5.588076727641263
3062,[59 56],14.576454196816236
3063,[49 60],5.3626858359897165
3064,[59 54],14.157299208346677
3065,[1 1],5.3693412101855795
3066,[22 39],5.227663450897149
3067,[24 41],3.109943164261828
3068,[58 52],3.4777108160723165
3069,[81 11],7.502496799569199
3071,[ 9 53],12.735254270853323
3072,[ 3 92],8.408794040698348
3073,[84 28],4.537551891059304
3075,[29 51],11.262457893195803
3076,[44 78],4.2717211495202125
3077,[39 77],5.851993093192062
3078,[91 98],5.396390221685467
3079,[13 53],3.23872847370386
3080,[ 4 51],4.146500401583548
3081,[44 70],11.3979520413616
3084,[68 70],3.3864061047400633
3085,[ 0 74],3.7366096671016376
3086,[78 11],4.997318092571168
3087,[93 60],3.17328410068854
3088,[44 32],13.828099352930957
3089,[46 57],4.371783219834935
3091,[78 16],5.6775693940703
3092,[62  6],3.9233343661083864
3097,[22 52],10.159810823228968
3100,[ 9 46],3.3626057363132213
3101,[70 73],5.232177448781867
3102,[ 4 50],4.937923259264336
3103,[79 92],4.809136009461383
3104,[ 8 90],4.038215610399938
3106,[87 85],4.1434101957993335
3108,[76 21],8.870772750151634
3110,[34 48],6.5111621447101475
3111,[22 93],4.201913503151324
3112,[79 13],9.564694789256773
3115,[79  4],7.833771971931506
3117,[97 20],4.460252221974706
3119,[28 53],3.64949205176213
3120,[14 78],8.38251054867391
3122,[ 8 69],4.582158997369571
3123,[77  9],5.839911562315472
3126,[22 20],5.395465465570662
3127,[56 49],9.369664212319972
3128,[97 16],3.6934162531404615
3129,[63 70],6.76700325722319
3130,[77 96],5.348676108191059
3131,[85 94],3.3223111158137604
3132,[70 40],7.3888592270853595
3134,[75  1],14.107461481548649
3135,[52 90],8.540511790355437
3136,[94  3],4.572430328747245
3137,[43 41],5.209695551656056
3138,[17 53],3.342339837514791
3139,[69  6],4.593627886611954
3141,[42 34],15.968539834760916
3142,[ 7 37],4.942530022178433
3143,[26 46],3.457635863271256
3146,[82 30],4.899385778370588
3148,[94 27],3.158312973999041
3149,[20 54],3.6780484754505043
3150,[63 28],6.328699351822429
3153,[ 0 52],7.659172171181643
3154,[82 10],5.706789019842892
3155,[22 18],3.372149896112894
3156,[61  6],3.00455168600978
3157,[1 9],6.9257911894530135
3158,[28 33],3.9048215191788955
3159,[ 3 55],9.067155040383044
3160,[19 78],7.561198537748773
3161,[81 21],3.489139780504689
3162,[ 0 51],5.11612752783693
3163,[69 36],12.207511665363798
3166,[53 44],10.62746635093203
3167,[77 99],4.555170948683946
3169,[16 85],7.851538645608803
3173,[48 93],12.890439947191743
3174,[14 33],3.433580596817748
3175,[37 33],6.586685857093353
3176,[52 91],5.435710915079305
3177,[ 4 82],3.0856236191663973
3178,[18 84],11.73234137961297
3180,[38 37],8.972544886001069
3181,[40 69],12.890048406391681
3182,[44 67],6.682336523775409
3185,[81 40],7.7163537769314
3186,[83  6],4.201574750415278
3187,[94 73],3.889500279213197
3188,[ 1 77],9.454984816848729
3189,[ 0 12],11.127857417471802
3190,[78 21],6.77150687972346
3191,[71 15],3.073128814466158
3192,[71 21],5.1612680338422825
3193,[34 86],6.034277354249493
3194,[80 99],6.056917626492491
3195,[ 0 34],4.8361443932305885
3199,[27 82],5.088639581967417
3201,[20 48],4.383667595080318
3202,[93 42],5.575915507270352
3203,[44 30],9.485962836024443
3204,[43 77],10.165252142675746
3205,[22 81],5.406996859706965
3206,[83 82],6.307444677096795
3207,[99 18],6.718795452982522
3208,[27 46],16.760683867374354
3209,[17 52],3.2665174905249312
3213,[41 39],6.7392315853937115
3214,[27 86],4.941132836465373
3217,[ 5 51],18.62255021938857
3218,[44 40],4.134817334209138
3220,[61 83],7.68487778207305
3221,[70 54],4.932767397416609
3222,[77 21],4.606738139901473
3224,[19 33],15.75700101261399
3225,[23  3],4.042208346377128
3227,[ 5 52],5.3779594019918235
3228,[38 63],8.117865746657598
3229,[19 49],4.367032620030969
3231,[68 25],4.35388685263957
3232,[85 19],5.303380376608047
3233,[49 44],6.195384003859971
3234,[63 20],4.77305054369677
3235,[49 93],13.163068430512725
3236,[55 43],5.18110814544283
3237,[28 52],5.7110098050353795
3238,[96 25],6.435156746443267
3243,[61 55],4.557367054050756
3247,[ 0 64],3.873058625337212
3248,[72 24],12.92393490970266
3249,[97 15],3.203136192927399
3251,[96 91],8.258884936374605
3252,[50 76],5.811382726811388
3254,[82 40],9.144455147777194
3255,[43 33],15.225854072616778
3256,[85  2],10.152604821104488
3257,[53 73],5.734629464426224
3259,[10 88],6.633664186286996
3260,[71 92],4.5384155382475075
3261,[93 72],7.971782534287598
3262,[48 89],7.082052545653234
3264,[93 23],9.23553115423191
3265,[1 6],10.633401382792723
3267,[95 90],7.534523065430214
3268,[22 42],6.2709508255545545
3269,[24 32],5.763559223728874
3270,[58 84],5.5385898699010925
3273,[32 84],6.3699592639010225
3275,[85 10],13.411668267533884
3276,[48 78],5.991585329898733
3278,[59 55],7.055446425966554
3279,[ 1 93],3.7951719512966373
3282,[23 47],6.672031425615512
3283,[84 92],4.390011392124177
3284,[36 86],3.2298953130069843
3285,[39 70],7.814445847746262
3286,[58 49],6.601886789395396
3287,[54 60],8.139482204001615
3289,[52 88],9.831070248431333
3290,[73  1],4.8790796016922435
3292,[97  5],11.523902767508652
3295,[32 49],3.172420061655239
3296,[64 47],9.067246617916428
3300,[35 86],4.09205538525319
3304,[69 14],11.128440508742461
3305,[ 5 96],4.979822638707661
3306,[75 87],4.659042898337845
3307,[5 0],4.496440771428395
3308,[21 96],3.003035024068284
3309,[16 73],3.0091038466500653
3310,[95 76],5.7310438802003905
3311,[46 62],3.3113447780966574
3313,[26 50],15.766241058738359
3314,[37 65],7.58066905309899
3315,[24 23],7.970022407448845
3316,[58 86],4.072395432199103
3317,[13 72],5.938872481253325
3320,[51 74],6.779497140896272
3322,[93 19],3.153591631033109
3323,[33 86],4.114408139853629
3324,[78 91],4.206554138968351
3325,[62 33],3.7854396521058673
3326,[60 98],6.423897734493915
3327,[ 6 52],9.691518158863264
3328,[93 18],3.7639681864998646
3330,[65 30],3.4847816381348675
3331,[36 84],5.061027712013226
3332,[57 96],9.151122566673893
3336,[97 92],6.77151212424624
3337,[68 17],3.692634145350796
3339,[ 3 51],7.961862359598181
3340,[97 25],3.139820168062863
3341,[33 47],5.44954624674801
3343,[89 73],4.989399658252291
3345,[44 82],4.513453806422849
3347,[79  5],3.076707264050536
3348,[ 7 66],3.702911591025505
3350,[61 78],4.420214681435329
3351,[23 15],3.6114322002248085
3352,[28 48],8.009824765490785
3353,[19 86],6.570664963585787
3354,[42 64],10.599454993390843
3356,[28 51],7.5791805098061875
3358,[85 60],10.986675606115687
3359,[ 7 87],8.773888511619973
3360,[95 95],4.501177714679105
3361,[ 8 44],6.940815864689496
3363,[ 9 34],6.340925087369257
3365,[64  3],11.399773245379656
3366,[33 50],6.320810591376187
3367,[93  9],4.200593278399018
3368,[60 59],12.545347107954495
3369,[76 29],3.398538384565163
3370,[84 15],3.434347257520829
3371,[45 41],6.237203374699004
3372,[77 11],6.841992431967899
3374,[52 93],9.645413264490346
3375,[72  1],3.5459518222564226
3376,[78 82],12.915774274277108
3377,[62 22],15.882519609995983
3378,[20 73],8.92881972847268
3379,[56 36],4.142278765298887
3380,[34 85],5.246462528079761
